call_count, nb_iterations, d_cache_accesses, d_cache_misses, d_load, d_store, instret, cycles
1, 8, 14, 0, 0, 1, 5, 8 
2, 8, 14, 0, 0, 1, 5, 15 
3, 8, 14, 0, 0, 1, 5, 10 
4, 8, 14, 0, 0, 1, 5, 15 
5, 8, 14, 0, 0, 1, 5, 15 
6, 8, 14, 0, 0, 1, 5, 8 
7, 8, 14, 0, 0, 1, 5, 8 
8, 8, 14, 0, 0, 1, 5, 15 
9, 8, 14, 0, 0, 1, 5, 10 
10, 8, 14, 0, 0, 1, 5, 15 
11, 8, 14, 0, 0, 1, 5, 15 
12, 8, 14, 0, 0, 1, 5, 8 
13, 8, 14, 0, 0, 1, 5, 15 
14, 8, 14, 0, 0, 1, 5, 15 
15, 8, 14, 0, 0, 1, 5, 15 
16, 8, 14, 0, 0, 1, 5, 15 
17, 8, 14, 0, 0, 1, 5, 8 
18, 8, 14, 0, 0, 1, 5, 10 
19, 8, 14, 0, 0, 1, 5, 10 
20, 8, 14, 0, 0, 1, 5, 10 
21, 8, 14, 0, 0, 1, 5, 15 
22, 8, 14, 0, 0, 1, 5, 15 
23, 8, 14, 0, 0, 1, 5, 15 
24, 8, 14, 0, 0, 1, 5, 15 
25, 8, 14, 0, 0, 1, 5, 15 
26, 8, 14, 0, 0, 1, 5, 15 
27, 8, 14, 0, 0, 1, 5, 15 
28, 8, 14, 0, 0, 1, 5, 15 
29, 8, 14, 0, 0, 1, 5, 15 
30, 8, 14, 0, 0, 1, 5, 15 
31, 8, 14, 0, 0, 1, 5, 10 
32, 8, 14, 0, 0, 1, 5, 15 
33, 8, 14, 0, 0, 1, 5, 15 
34, 8, 14, 0, 0, 1, 5, 15 
35, 8, 14, 0, 0, 1, 5, 15 
36, 8, 14, 0, 0, 1, 5, 15 
37, 8, 14, 0, 0, 1, 5, 15 
38, 8, 14, 0, 0, 1, 5, 15 
39, 8, 14, 0, 0, 1, 5, 10 
40, 8, 14, 0, 0, 1, 5, 8 
41, 8, 14, 0, 0, 1, 5, 8 
42, 8, 14, 0, 0, 1, 5, 8 
43, 8, 14, 0, 0, 1, 5, 15 
44, 8, 14, 0, 0, 1, 5, 8 
45, 8, 14, 0, 0, 1, 5, 15 
46, 8, 14, 0, 0, 1, 5, 15 
47, 8, 14, 0, 0, 1, 5, 15 
48, 8, 14, 0, 0, 1, 5, 8 
49, 8, 14, 0, 0, 1, 5, 15 
50, 8, 14, 0, 0, 1, 5, 15 
51, 8, 14, 0, 0, 1, 5, 15 
52, 8, 14, 0, 0, 1, 5, 10 
53, 8, 14, 0, 0, 1, 5, 15 
54, 8, 14, 0, 0, 1, 5, 10 
55, 8, 14, 0, 0, 1, 5, 8 
56, 8, 14, 0, 0, 1, 5, 8 
57, 8, 14, 0, 0, 1, 5, 15 
58, 8, 14, 0, 0, 1, 5, 15 
59, 8, 14, 0, 0, 1, 5, 10 
60, 8, 14, 0, 0, 1, 5, 15 
61, 8, 14, 0, 0, 1, 5, 8 
62, 8, 14, 0, 0, 1, 5, 8 
63, 8, 14, 0, 0, 1, 5, 15 
64, 8, 14, 0, 0, 1, 5, 10 
65, 8, 14, 0, 0, 1, 5, 15 
66, 8, 14, 0, 0, 1, 5, 15 
67, 8, 14, 0, 0, 1, 5, 15 
68, 8, 14, 0, 0, 1, 5, 15 
69, 8, 14, 0, 0, 1, 5, 8 
70, 8, 14, 0, 0, 1, 5, 8 
71, 8, 14, 0, 0, 1, 5, 15 
72, 8, 14, 0, 0, 1, 5, 10 
73, 8, 14, 0, 0, 1, 5, 10 
74, 8, 14, 0, 0, 1, 5, 15 
75, 8, 14, 0, 0, 1, 5, 15 
76, 8, 14, 0, 0, 1, 5, 15 
77, 8, 14, 0, 0, 1, 5, 15 
78, 8, 14, 0, 0, 1, 5, 15 
79, 8, 14, 0, 0, 1, 5, 15 
80, 8, 14, 0, 0, 1, 5, 15 
81, 8, 14, 0, 0, 1, 5, 15 
82, 8, 14, 0, 0, 1, 5, 15 
83, 8, 14, 0, 0, 1, 5, 10 
84, 8, 14, 0, 0, 1, 5, 10 
85, 8, 14, 0, 0, 1, 5, 15 
86, 8, 14, 0, 0, 1, 5, 15 
87, 8, 14, 0, 0, 1, 5, 8 
88, 8, 14, 0, 0, 1, 5, 15 
89, 8, 14, 0, 0, 1, 5, 15 
90, 8, 14, 0, 0, 1, 5, 8 
91, 8, 14, 0, 0, 1, 5, 8 
92, 8, 14, 0, 0, 1, 5, 15 
93, 8, 14, 0, 0, 1, 5, 15 
94, 8, 14, 0, 0, 1, 5, 15 
95, 8, 14, 0, 0, 1, 5, 15 
96, 8, 14, 0, 0, 1, 5, 15 
97, 8, 14, 0, 0, 1, 5, 10 
98, 8, 14, 0, 0, 1, 5, 15 
99, 8, 14, 0, 0, 1, 5, 15 
100, 8, 14, 0, 0, 1, 5, 8 
101, 8, 14, 0, 0, 1, 5, 15 
102, 8, 14, 0, 0, 1, 5, 15 
103, 8, 14, 0, 0, 1, 5, 15 
104, 8, 14, 0, 0, 1, 5, 15 
105, 8, 14, 0, 0, 1, 5, 15 
106, 8, 14, 0, 0, 1, 5, 15 
107, 8, 14, 0, 0, 1, 5, 15 
108, 8, 14, 0, 0, 1, 5, 8 
109, 8, 14, 0, 0, 1, 5, 15 
110, 8, 14, 0, 0, 1, 5, 15 
111, 8, 14, 0, 0, 1, 5, 15 
112, 8, 14, 0, 0, 1, 5, 15 
113, 8, 14, 0, 0, 1, 5, 15 
114, 8, 14, 0, 0, 1, 5, 15 
115, 8, 14, 0, 0, 1, 5, 8 
116, 8, 14, 0, 0, 1, 5, 10 
117, 8, 14, 0, 0, 1, 5, 10 
118, 8, 14, 0, 0, 1, 5, 10 
119, 8, 14, 0, 0, 1, 5, 8 
120, 8, 14, 0, 0, 1, 5, 8 
121, 8, 14, 0, 0, 1, 5, 15 
122, 8, 14, 0, 0, 1, 5, 15 
123, 8, 14, 0, 0, 1, 5, 15 
124, 8, 14, 0, 0, 1, 5, 15 
125, 8, 14, 0, 0, 1, 5, 15 
126, 8, 14, 0, 0, 1, 5, 15 
127, 8, 14, 0, 0, 1, 5, 15 
128, 8, 14, 0, 0, 1, 5, 8 
129, 8, 14, 0, 0, 1, 5, 15 
130, 8, 14, 0, 0, 1, 5, 15 
131, 8, 14, 0, 0, 1, 5, 15 
132, 8, 14, 0, 0, 1, 5, 8 
133, 8, 14, 0, 0, 1, 5, 15 
134, 8, 14, 0, 0, 1, 5, 15 
135, 8, 14, 0, 0, 1, 5, 15 
136, 8, 14, 0, 0, 1, 5, 15 
137, 8, 14, 0, 0, 1, 5, 15 
138, 8, 14, 0, 0, 1, 5, 15 
139, 8, 14, 0, 0, 1, 5, 15 
140, 8, 14, 0, 0, 1, 5, 15 
141, 8, 14, 0, 0, 1, 5, 10 
142, 8, 14, 0, 0, 1, 5, 15 
143, 8, 14, 0, 0, 1, 5, 15 
144, 8, 14, 0, 0, 1, 5, 15 
145, 8, 14, 0, 0, 1, 5, 15 
146, 8, 14, 0, 0, 1, 5, 15 
147, 8, 14, 0, 0, 1, 5, 10 
148, 8, 14, 0, 0, 1, 5, 10 
149, 8, 14, 0, 0, 1, 5, 10 
150, 8, 14, 0, 0, 1, 5, 15 
151, 8, 14, 0, 0, 1, 5, 15 
152, 8, 14, 0, 0, 1, 5, 15 
153, 8, 14, 0, 0, 1, 5, 15 
154, 8, 14, 0, 0, 1, 5, 15 
155, 8, 14, 0, 0, 1, 5, 15 
156, 8, 14, 0, 0, 1, 5, 15 
157, 8, 14, 0, 0, 1, 5, 15 
158, 8, 14, 0, 0, 1, 5, 8 
159, 8, 14, 0, 0, 1, 5, 15 
160, 8, 14, 0, 0, 1, 5, 8 
161, 8, 14, 0, 0, 1, 5, 15 
162, 8, 14, 0, 0, 1, 5, 15 
163, 8, 14, 0, 0, 1, 5, 8 
164, 8, 14, 0, 0, 1, 5, 15 
165, 8, 14, 0, 0, 1, 5, 8 
166, 8, 14, 0, 0, 1, 5, 15 
167, 8, 14, 0, 0, 1, 5, 15 
168, 8, 14, 0, 0, 1, 5, 15 
169, 8, 14, 0, 0, 1, 5, 15 
170, 8, 14, 0, 0, 1, 5, 8 
171, 8, 14, 0, 0, 1, 5, 10 
172, 8, 14, 0, 0, 1, 5, 15 
173, 8, 14, 0, 0, 1, 5, 10 
174, 8, 14, 0, 0, 1, 5, 15 
175, 8, 14, 0, 0, 1, 5, 15 
176, 8, 14, 0, 0, 1, 5, 15 
177, 8, 14, 0, 0, 1, 5, 8 
178, 8, 14, 0, 0, 1, 5, 15 
179, 8, 14, 0, 0, 1, 5, 8 
180, 8, 14, 0, 0, 1, 5, 15 
181, 8, 14, 0, 0, 1, 5, 15 
182, 8, 14, 0, 0, 1, 5, 15 
183, 8, 14, 0, 0, 1, 5, 15 
184, 8, 14, 0, 0, 1, 5, 15 
185, 8, 14, 0, 0, 1, 5, 15 
186, 8, 14, 0, 0, 1, 5, 15 
187, 8, 14, 0, 0, 1, 5, 15 
188, 8, 14, 0, 0, 1, 5, 8 
189, 8, 14, 0, 0, 1, 5, 8 
190, 8, 14, 0, 0, 1, 5, 15 
191, 8, 14, 0, 0, 1, 5, 8 
192, 8, 14, 0, 0, 1, 5, 15 
193, 8, 14, 0, 0, 1, 5, 15 
194, 8, 14, 0, 0, 1, 5, 15 
195, 8, 14, 0, 0, 1, 5, 8 
196, 8, 14, 0, 0, 1, 5, 15 
197, 8, 14, 0, 0, 1, 5, 15 
198, 8, 14, 0, 0, 1, 5, 8 
199, 8, 14, 0, 0, 1, 5, 8 
200, 8, 14, 0, 0, 1, 5, 15 
201, 8, 14, 0, 0, 1, 5, 15 
202, 8, 14, 0, 0, 1, 5, 10 
203, 8, 14, 0, 0, 1, 5, 8 
204, 8, 14, 0, 0, 1, 5, 15 
205, 8, 14, 0, 0, 1, 5, 15 
206, 8, 14, 0, 0, 1, 5, 15 
207, 8, 14, 0, 0, 1, 5, 15 
208, 8, 14, 0, 0, 1, 5, 15 
209, 8, 14, 0, 0, 1, 5, 15 
210, 8, 14, 0, 0, 1, 5, 15 
211, 8, 14, 0, 0, 1, 5, 15 
212, 8, 14, 0, 0, 1, 5, 8 
213, 8, 14, 0, 0, 1, 5, 15 
214, 8, 14, 0, 0, 1, 5, 15 
215, 8, 14, 0, 0, 1, 5, 8 
216, 8, 14, 0, 0, 1, 5, 8 
217, 8, 14, 0, 0, 1, 5, 15 
218, 8, 14, 0, 0, 1, 5, 8 
219, 8, 14, 0, 0, 1, 5, 15 
220, 8, 14, 0, 0, 1, 5, 15 
221, 8, 14, 0, 0, 1, 5, 10 
222, 8, 14, 0, 0, 1, 5, 15 
223, 8, 14, 0, 0, 1, 5, 15 
224, 8, 14, 0, 0, 1, 5, 15 
225, 8, 14, 0, 0, 1, 5, 8 
226, 8, 14, 0, 0, 1, 5, 10 
227, 8, 14, 0, 0, 1, 5, 8 
228, 8, 14, 0, 0, 1, 5, 15 
229, 8, 14, 0, 0, 1, 5, 15 
230, 8, 14, 0, 0, 1, 5, 10 
231, 8, 14, 0, 0, 1, 5, 15 
232, 8, 14, 0, 0, 1, 5, 10 
233, 8, 14, 0, 0, 1, 5, 15 
234, 8, 14, 0, 0, 1, 5, 15 
235, 8, 14, 0, 0, 1, 5, 8 
236, 8, 14, 0, 0, 1, 5, 15 
237, 8, 14, 0, 0, 1, 5, 15 
238, 8, 14, 0, 0, 1, 5, 15 
239, 8, 14, 0, 0, 1, 5, 15 
240, 8, 14, 0, 0, 1, 5, 8 
241, 8, 14, 0, 0, 1, 5, 15 
242, 8, 14, 0, 0, 1, 5, 15 
243, 8, 14, 0, 0, 1, 5, 15 
244, 8, 14, 0, 0, 1, 5, 15 
245, 8, 14, 0, 0, 1, 5, 10 
246, 8, 14, 0, 0, 1, 5, 15 
247, 8, 14, 0, 0, 1, 5, 15 
248, 8, 14, 0, 0, 1, 5, 8 
249, 8, 14, 0, 0, 1, 5, 8 
250, 8, 14, 0, 0, 1, 5, 15 
251, 8, 14, 0, 0, 1, 5, 15 
252, 8, 14, 0, 0, 1, 5, 8 
253, 8, 14, 0, 0, 1, 5, 15 
254, 8, 14, 0, 0, 1, 5, 10 
255, 8, 14, 0, 0, 1, 5, 15 
256, 8, 14, 0, 0, 1, 5, 15 
257, 8, 14, 0, 0, 1, 5, 8 
258, 8, 14, 0, 0, 1, 5, 15 
259, 8, 14, 0, 0, 1, 5, 15 
260, 8, 14, 0, 0, 1, 5, 8 
261, 8, 14, 0, 0, 1, 5, 15 
262, 8, 14, 0, 0, 1, 5, 10 
263, 8, 14, 0, 0, 1, 5, 15 
264, 8, 14, 0, 0, 1, 5, 10 
265, 8, 14, 0, 0, 1, 5, 15 
266, 8, 14, 0, 0, 1, 5, 10 
267, 8, 14, 0, 0, 1, 5, 15 
268, 8, 14, 0, 0, 1, 5, 15 
269, 8, 14, 0, 0, 1, 5, 8 
270, 8, 14, 0, 0, 1, 5, 10 
271, 8, 14, 0, 0, 1, 5, 15 
272, 8, 14, 0, 0, 1, 5, 15 
273, 8, 14, 0, 0, 1, 5, 8 
274, 8, 14, 0, 0, 1, 5, 8 
275, 8, 14, 0, 0, 1, 5, 10 
276, 8, 14, 0, 0, 1, 5, 15 
277, 8, 14, 0, 0, 1, 5, 15 
278, 8, 14, 0, 0, 1, 5, 10 
279, 8, 14, 0, 0, 1, 5, 10 
280, 8, 14, 0, 0, 1, 5, 8 
281, 8, 14, 0, 0, 1, 5, 8 
282, 8, 14, 0, 0, 1, 5, 15 
283, 8, 14, 0, 0, 1, 5, 15 
284, 8, 14, 0, 0, 1, 5, 15 
285, 8, 14, 0, 0, 1, 5, 8 
286, 8, 14, 0, 0, 1, 5, 15 
287, 8, 14, 0, 0, 1, 5, 15 
288, 8, 14, 0, 0, 1, 5, 8 
289, 8, 14, 0, 0, 1, 5, 8 
290, 8, 14, 0, 0, 1, 5, 15 
291, 8, 14, 0, 0, 1, 5, 15 
292, 8, 14, 0, 0, 1, 5, 8 
293, 8, 14, 0, 0, 1, 5, 8 
294, 8, 14, 0, 0, 1, 5, 15 
295, 8, 14, 0, 0, 1, 5, 8 
296, 8, 14, 0, 0, 1, 5, 15 
297, 8, 14, 0, 0, 1, 5, 15 
298, 8, 14, 0, 0, 1, 5, 15 
299, 8, 14, 0, 0, 1, 5, 8 
300, 8, 14, 0, 0, 1, 5, 15 
301, 8, 14, 0, 0, 1, 5, 15 
302, 8, 14, 0, 0, 1, 5, 8 
303, 8, 14, 0, 0, 1, 5, 15 
304, 8, 14, 0, 0, 1, 5, 15 
305, 8, 14, 0, 0, 1, 5, 15 
306, 8, 14, 0, 0, 1, 5, 8 
307, 8, 14, 0, 0, 1, 5, 8 
308, 8, 14, 0, 0, 1, 5, 8 
309, 8, 14, 0, 0, 1, 5, 8 
310, 8, 14, 0, 0, 1, 5, 15 
311, 8, 14, 0, 0, 1, 5, 15 
312, 8, 14, 0, 0, 1, 5, 10 
313, 8, 14, 0, 0, 1, 5, 10 
314, 8, 14, 0, 0, 1, 5, 10 
315, 8, 14, 0, 0, 1, 5, 10 
316, 8, 14, 0, 0, 1, 5, 15 
317, 8, 14, 0, 0, 1, 5, 15 
318, 8, 14, 0, 0, 1, 5, 15 
319, 8, 14, 0, 0, 1, 5, 15 
320, 8, 14, 0, 0, 1, 5, 10 
321, 8, 14, 0, 0, 1, 5, 15 
322, 8, 14, 0, 0, 1, 5, 8 
323, 8, 14, 0, 0, 1, 5, 10 
324, 8, 14, 0, 0, 1, 5, 15 
325, 8, 14, 0, 0, 1, 5, 15 
326, 8, 14, 0, 0, 1, 5, 8 
327, 8, 14, 0, 0, 1, 5, 8 
328, 8, 14, 0, 0, 1, 5, 15 
329, 8, 14, 0, 0, 1, 5, 15 
330, 8, 14, 0, 0, 1, 5, 8 
331, 8, 14, 0, 0, 1, 5, 15 
332, 8, 14, 0, 0, 1, 5, 15 
333, 8, 14, 0, 0, 1, 5, 15 
334, 8, 14, 0, 0, 1, 5, 15 
335, 8, 14, 0, 0, 1, 5, 15 
336, 8, 14, 0, 0, 1, 5, 15 
337, 8, 14, 0, 0, 1, 5, 8 
338, 8, 14, 0, 0, 1, 5, 15 
339, 8, 14, 0, 0, 1, 5, 15 
340, 8, 14, 0, 0, 1, 5, 15 
341, 8, 14, 0, 0, 1, 5, 10 
342, 8, 14, 0, 0, 1, 5, 10 
343, 8, 14, 0, 0, 1, 5, 15 
344, 8, 14, 0, 0, 1, 5, 15 
345, 8, 14, 0, 0, 1, 5, 15 
346, 8, 14, 0, 0, 1, 5, 15 
347, 8, 14, 0, 0, 1, 5, 10 
348, 8, 14, 0, 0, 1, 5, 15 
349, 8, 14, 0, 0, 1, 5, 8 
350, 8, 14, 0, 0, 1, 5, 8 
351, 8, 14, 0, 0, 1, 5, 10 
352, 8, 14, 0, 0, 1, 5, 15 
353, 8, 14, 0, 0, 1, 5, 8 
354, 8, 14, 0, 0, 1, 5, 15 
355, 8, 14, 0, 0, 1, 5, 15 
356, 8, 14, 0, 0, 1, 5, 15 
357, 8, 14, 0, 0, 1, 5, 15 
358, 8, 14, 0, 0, 1, 5, 15 
359, 8, 14, 0, 0, 1, 5, 15 
360, 8, 14, 0, 0, 1, 5, 10 
361, 8, 14, 0, 0, 1, 5, 15 
362, 8, 14, 0, 0, 1, 5, 15 
363, 8, 14, 0, 0, 1, 5, 15 
364, 8, 14, 0, 0, 1, 5, 8 
365, 8, 14, 0, 0, 1, 5, 15 
366, 8, 14, 0, 0, 1, 5, 8 
367, 8, 14, 0, 0, 1, 5, 8 
368, 8, 14, 0, 0, 1, 5, 15 
369, 8, 14, 0, 0, 1, 5, 10 
370, 8, 14, 0, 0, 1, 5, 15 
371, 8, 14, 0, 0, 1, 5, 15 
372, 8, 14, 0, 0, 1, 5, 15 
373, 8, 14, 0, 0, 1, 5, 15 
374, 8, 14, 0, 0, 1, 5, 15 
375, 8, 14, 0, 0, 1, 5, 8 
376, 8, 14, 0, 0, 1, 5, 8 
377, 8, 14, 0, 0, 1, 5, 8 
378, 8, 14, 0, 0, 1, 5, 15 
379, 8, 14, 0, 0, 1, 5, 15 
380, 8, 14, 0, 0, 1, 5, 15 
381, 8, 14, 0, 0, 1, 5, 15 
382, 8, 14, 0, 0, 1, 5, 8 
383, 8, 14, 0, 0, 1, 5, 8 
384, 8, 14, 0, 0, 1, 5, 15 
385, 8, 14, 0, 0, 1, 5, 15 
386, 8, 14, 0, 0, 1, 5, 15 
387, 8, 14, 0, 0, 1, 5, 10 
388, 8, 14, 0, 0, 1, 5, 15 
389, 8, 14, 0, 0, 1, 5, 8 
390, 8, 14, 0, 0, 1, 5, 10 
391, 8, 14, 0, 0, 1, 5, 15 
392, 8, 14, 0, 0, 1, 5, 15 
393, 8, 14, 0, 0, 1, 5, 8 
394, 8, 14, 0, 0, 1, 5, 15 
395, 8, 14, 0, 0, 1, 5, 8 
396, 8, 14, 0, 0, 1, 5, 15 
397, 8, 14, 0, 0, 1, 5, 15 
398, 8, 14, 0, 0, 1, 5, 15 
399, 8, 14, 0, 0, 1, 5, 10 
400, 8, 14, 0, 0, 1, 5, 15 
401, 8, 14, 0, 0, 1, 5, 15 
402, 8, 14, 0, 0, 1, 5, 10 
403, 8, 14, 0, 0, 1, 5, 15 
404, 8, 14, 0, 0, 1, 5, 15 
405, 8, 14, 0, 0, 1, 5, 15 
406, 8, 14, 0, 0, 1, 5, 8 
407, 8, 14, 0, 0, 1, 5, 10 
408, 8, 14, 0, 0, 1, 5, 10 
409, 8, 14, 0, 0, 1, 5, 15 
410, 8, 14, 0, 0, 1, 5, 15 
411, 8, 14, 0, 0, 1, 5, 8 
412, 8, 14, 0, 0, 1, 5, 10 
413, 8, 14, 0, 0, 1, 5, 10 
414, 8, 14, 0, 0, 1, 5, 15 
415, 8, 14, 0, 0, 1, 5, 15 
416, 8, 14, 0, 0, 1, 5, 15 
417, 8, 14, 0, 0, 1, 5, 15 
418, 8, 14, 0, 0, 1, 5, 15 
419, 8, 14, 0, 0, 1, 5, 15 
420, 8, 14, 0, 0, 1, 5, 15 
421, 8, 14, 0, 0, 1, 5, 15 
422, 8, 14, 0, 0, 1, 5, 10 
423, 8, 14, 0, 0, 1, 5, 15 
424, 8, 14, 0, 0, 1, 5, 15 
425, 8, 14, 0, 0, 1, 5, 15 
426, 8, 14, 0, 0, 1, 5, 15 
427, 8, 14, 0, 0, 1, 5, 15 
428, 8, 14, 0, 0, 1, 5, 15 
429, 8, 14, 0, 0, 1, 5, 8 
430, 8, 14, 0, 0, 1, 5, 15 
431, 8, 14, 0, 0, 1, 5, 10 
432, 8, 14, 0, 0, 1, 5, 15 
433, 8, 14, 0, 0, 1, 5, 15 
434, 8, 14, 0, 0, 1, 5, 15 
435, 8, 14, 0, 0, 1, 5, 15 
436, 8, 14, 0, 0, 1, 5, 15 
437, 8, 14, 0, 0, 1, 5, 8 
438, 8, 14, 0, 0, 1, 5, 10 
439, 8, 14, 0, 0, 1, 5, 15 
440, 8, 14, 0, 0, 1, 5, 8 
441, 8, 14, 0, 0, 1, 5, 15 
442, 8, 14, 0, 0, 1, 5, 15 
443, 8, 14, 0, 0, 1, 5, 15 
444, 8, 14, 0, 0, 1, 5, 15 
445, 8, 14, 0, 0, 1, 5, 8 
446, 8, 14, 0, 0, 1, 5, 15 
447, 8, 14, 0, 0, 1, 5, 15 
448, 8, 14, 0, 0, 1, 5, 8 
449, 8, 14, 0, 0, 1, 5, 15 
450, 8, 14, 0, 0, 1, 5, 15 
451, 8, 14, 0, 0, 1, 5, 15 
452, 8, 14, 0, 0, 1, 5, 15 
453, 8, 14, 0, 0, 1, 5, 8 
454, 8, 14, 0, 0, 1, 5, 10 
455, 8, 14, 0, 0, 1, 5, 15 
456, 8, 14, 0, 0, 1, 5, 8 
457, 8, 14, 0, 0, 1, 5, 15 
458, 8, 14, 0, 0, 1, 5, 15 
459, 8, 14, 0, 0, 1, 5, 15 
460, 8, 14, 0, 0, 1, 5, 10 
461, 8, 14, 0, 0, 1, 5, 15 
462, 8, 14, 0, 0, 1, 5, 15 
463, 8, 14, 0, 0, 1, 5, 15 
464, 8, 14, 0, 0, 1, 5, 10 
465, 8, 14, 0, 0, 1, 5, 15 
466, 8, 14, 0, 0, 1, 5, 8 
467, 8, 14, 0, 0, 1, 5, 15 
468, 8, 14, 0, 0, 1, 5, 8 
469, 8, 14, 0, 0, 1, 5, 15 
470, 8, 14, 0, 0, 1, 5, 15 
471, 8, 14, 0, 0, 1, 5, 15 
472, 8, 14, 0, 0, 1, 5, 15 
473, 8, 14, 0, 0, 1, 5, 15 
474, 8, 14, 0, 0, 1, 5, 15 
475, 8, 14, 0, 0, 1, 5, 15 
476, 8, 14, 0, 0, 1, 5, 10 
477, 8, 14, 0, 0, 1, 5, 15 
478, 8, 14, 0, 0, 1, 5, 10 
479, 8, 14, 0, 0, 1, 5, 8 
480, 8, 14, 0, 0, 1, 5, 8 
481, 8, 14, 0, 0, 1, 5, 15 
482, 8, 14, 0, 0, 1, 5, 8 
483, 8, 14, 0, 0, 1, 5, 15 
484, 8, 14, 0, 0, 1, 5, 8 
485, 8, 14, 0, 0, 1, 5, 15 
486, 8, 14, 0, 0, 1, 5, 8 
487, 8, 14, 0, 0, 1, 5, 15 
488, 8, 14, 0, 0, 1, 5, 15 
489, 8, 14, 0, 0, 1, 5, 15 
490, 8, 14, 0, 0, 1, 5, 15 
491, 8, 14, 0, 0, 1, 5, 10 
492, 8, 14, 0, 0, 1, 5, 15 
493, 8, 14, 0, 0, 1, 5, 15 
494, 8, 14, 0, 0, 1, 5, 15 
495, 8, 14, 0, 0, 1, 5, 15 
496, 8, 14, 0, 0, 1, 5, 10 
497, 8, 14, 0, 0, 1, 5, 15 
498, 8, 14, 0, 0, 1, 5, 8 
499, 8, 14, 0, 0, 1, 5, 15 
500, 8, 14, 0, 0, 1, 5, 15 
501, 8, 14, 0, 0, 1, 5, 15 
502, 8, 14, 0, 0, 1, 5, 8 
503, 8, 14, 0, 0, 1, 5, 10 
504, 8, 14, 0, 0, 1, 5, 10 
505, 8, 14, 0, 0, 1, 5, 8 
506, 8, 14, 0, 0, 1, 5, 15 
507, 8, 14, 0, 0, 1, 5, 8 
508, 8, 14, 0, 0, 1, 5, 10 
509, 8, 14, 0, 0, 1, 5, 8 
510, 8, 14, 0, 0, 1, 5, 10 
511, 8, 14, 0, 0, 1, 5, 15 
512, 8, 14, 0, 0, 1, 5, 15 
513, 8, 14, 0, 0, 1, 5, 15 
514, 8, 14, 0, 0, 1, 5, 8 
515, 8, 14, 0, 0, 1, 5, 15 
516, 8, 14, 0, 0, 1, 5, 15 
517, 8, 14, 0, 0, 1, 5, 15 
518, 8, 14, 0, 0, 1, 5, 8 
519, 8, 14, 0, 0, 1, 5, 8 
520, 8, 14, 0, 0, 1, 5, 10 
521, 8, 14, 0, 0, 1, 5, 10 
522, 8, 14, 0, 0, 1, 5, 15 
523, 8, 14, 0, 0, 1, 5, 15 
524, 8, 14, 0, 0, 1, 5, 15 
525, 8, 14, 0, 0, 1, 5, 15 
526, 8, 14, 0, 0, 1, 5, 15 
527, 8, 14, 0, 0, 1, 5, 10 
528, 8, 14, 0, 0, 1, 5, 10 
529, 8, 14, 0, 0, 1, 5, 15 
530, 8, 14, 0, 0, 1, 5, 15 
531, 8, 14, 0, 0, 1, 5, 15 
532, 8, 14, 0, 0, 1, 5, 15 
533, 8, 14, 0, 0, 1, 5, 15 
534, 8, 14, 0, 0, 1, 5, 8 
535, 8, 14, 0, 0, 1, 5, 15 
536, 8, 14, 0, 0, 1, 5, 8 
537, 8, 14, 0, 0, 1, 5, 15 
538, 8, 14, 0, 0, 1, 5, 15 
539, 8, 14, 0, 0, 1, 5, 15 
540, 8, 14, 0, 0, 1, 5, 8 
541, 8, 14, 0, 0, 1, 5, 8 
542, 8, 14, 0, 0, 1, 5, 15 
543, 8, 14, 0, 0, 1, 5, 15 
544, 8, 14, 0, 0, 1, 5, 8 
545, 8, 14, 0, 0, 1, 5, 8 
546, 8, 14, 0, 0, 1, 5, 15 
547, 8, 14, 0, 0, 1, 5, 8 
548, 8, 14, 0, 0, 1, 5, 8 
549, 8, 14, 0, 0, 1, 5, 8 
550, 8, 14, 0, 0, 1, 5, 10 
551, 8, 14, 0, 0, 1, 5, 10 
552, 8, 14, 0, 0, 1, 5, 15 
553, 8, 14, 0, 0, 1, 5, 10 
554, 8, 14, 0, 0, 1, 5, 8 
555, 8, 14, 0, 0, 1, 5, 8 
556, 8, 14, 0, 0, 1, 5, 15 
557, 8, 14, 0, 0, 1, 5, 15 
558, 8, 14, 0, 0, 1, 5, 8 
559, 8, 14, 0, 0, 1, 5, 8 
560, 8, 14, 0, 0, 1, 5, 15 
561, 8, 14, 0, 0, 1, 5, 15 
562, 8, 14, 0, 0, 1, 5, 15 
563, 8, 14, 0, 0, 1, 5, 15 
564, 8, 14, 0, 0, 1, 5, 8 
565, 8, 14, 0, 0, 1, 5, 10 
566, 8, 14, 0, 0, 1, 5, 15 
567, 8, 14, 0, 0, 1, 5, 15 
568, 8, 14, 0, 0, 1, 5, 10 
569, 8, 14, 0, 0, 1, 5, 10 
570, 8, 14, 0, 0, 1, 5, 15 
571, 8, 14, 0, 0, 1, 5, 15 
572, 8, 14, 0, 0, 1, 5, 15 
573, 8, 14, 0, 0, 1, 5, 15 
574, 8, 14, 0, 0, 1, 5, 8 
575, 8, 14, 0, 0, 1, 5, 10 
576, 8, 14, 0, 0, 1, 5, 15 
577, 8, 14, 0, 0, 1, 5, 10 
578, 8, 14, 0, 0, 1, 5, 15 
579, 8, 14, 0, 0, 1, 5, 10 
580, 8, 14, 0, 0, 1, 5, 15 
581, 8, 14, 0, 0, 1, 5, 15 
582, 8, 14, 0, 0, 1, 5, 15 
583, 8, 14, 0, 0, 1, 5, 15 
584, 8, 14, 0, 0, 1, 5, 15 
585, 8, 14, 0, 0, 1, 5, 8 
586, 8, 14, 0, 0, 1, 5, 15 
587, 8, 14, 0, 0, 1, 5, 10 
588, 8, 14, 0, 0, 1, 5, 8 
589, 8, 14, 0, 0, 1, 5, 10 
590, 8, 14, 0, 0, 1, 5, 15 
591, 8, 14, 0, 0, 1, 5, 10 
592, 8, 14, 0, 0, 1, 5, 15 
593, 8, 14, 0, 0, 1, 5, 15 
594, 8, 14, 0, 0, 1, 5, 15 
595, 8, 14, 0, 0, 1, 5, 15 
596, 8, 14, 0, 0, 1, 5, 15 
597, 8, 14, 0, 0, 1, 5, 8 
598, 8, 14, 0, 0, 1, 5, 15 
599, 8, 14, 0, 0, 1, 5, 15 
600, 8, 14, 0, 0, 1, 5, 15 
601, 8, 14, 0, 0, 1, 5, 10 
602, 8, 14, 0, 0, 1, 5, 15 
603, 8, 14, 0, 0, 1, 5, 10 
604, 8, 14, 0, 0, 1, 5, 8 
605, 8, 14, 0, 0, 1, 5, 8 
606, 8, 14, 0, 0, 1, 5, 15 
607, 8, 14, 0, 0, 1, 5, 8 
608, 8, 14, 0, 0, 1, 5, 15 
609, 8, 14, 0, 0, 1, 5, 8 
610, 8, 14, 0, 0, 1, 5, 15 
611, 8, 14, 0, 0, 1, 5, 8 
612, 8, 14, 0, 0, 1, 5, 15 
613, 8, 14, 0, 0, 1, 5, 15 
614, 8, 14, 0, 0, 1, 5, 15 
615, 8, 14, 0, 0, 1, 5, 15 
616, 8, 14, 0, 0, 1, 5, 10 
617, 8, 14, 0, 0, 1, 5, 15 
618, 8, 14, 0, 0, 1, 5, 15 
619, 8, 14, 0, 0, 1, 5, 15 
620, 8, 14, 0, 0, 1, 5, 15 
621, 8, 14, 0, 0, 1, 5, 10 
622, 8, 14, 0, 0, 1, 5, 15 
623, 8, 14, 0, 0, 1, 5, 8 
624, 8, 14, 0, 0, 1, 5, 15 
625, 8, 14, 0, 0, 1, 5, 15 
626, 8, 14, 0, 0, 1, 5, 15 
627, 8, 14, 0, 0, 1, 5, 8 
628, 8, 14, 0, 0, 1, 5, 10 
629, 8, 14, 0, 0, 1, 5, 10 
630, 8, 14, 0, 0, 1, 5, 8 
631, 8, 14, 0, 0, 1, 5, 15 
632, 8, 14, 0, 0, 1, 5, 8 
633, 8, 14, 0, 0, 1, 5, 10 
634, 8, 14, 0, 0, 1, 5, 8 
635, 8, 14, 0, 0, 1, 5, 10 
636, 8, 14, 0, 0, 1, 5, 15 
637, 8, 14, 0, 0, 1, 5, 15 
638, 8, 14, 0, 0, 1, 5, 15 
639, 8, 14, 0, 0, 1, 5, 8 
640, 8, 14, 0, 0, 1, 5, 15 
641, 8, 14, 0, 0, 1, 5, 15 
642, 8, 14, 0, 0, 1, 5, 15 
643, 8, 14, 0, 0, 1, 5, 8 
644, 8, 14, 0, 0, 1, 5, 8 
645, 8, 14, 0, 0, 1, 5, 10 
646, 8, 14, 0, 0, 1, 5, 10 
647, 8, 14, 0, 0, 1, 5, 15 
648, 8, 14, 0, 0, 1, 5, 15 
649, 8, 14, 0, 0, 1, 5, 15 
650, 8, 14, 0, 0, 1, 5, 15 
651, 8, 14, 0, 0, 1, 5, 15 
652, 8, 14, 0, 0, 1, 5, 10 
653, 8, 14, 0, 0, 1, 5, 10 
654, 8, 14, 0, 0, 1, 5, 8 
655, 8, 14, 0, 0, 1, 5, 15 
656, 8, 14, 0, 0, 1, 5, 15 
657, 8, 14, 0, 0, 1, 5, 15 
658, 8, 14, 0, 0, 1, 5, 15 
659, 8, 14, 0, 0, 1, 5, 8 
660, 8, 14, 0, 0, 1, 5, 10 
661, 8, 14, 0, 0, 1, 5, 10 
662, 8, 14, 0, 0, 1, 5, 10 
663, 8, 14, 0, 0, 1, 5, 15 
664, 8, 14, 0, 0, 1, 5, 15 
665, 8, 14, 0, 0, 1, 5, 15 
666, 8, 14, 0, 0, 1, 5, 15 
667, 8, 14, 0, 0, 1, 5, 15 
668, 8, 14, 0, 0, 1, 5, 15 
669, 8, 14, 0, 0, 1, 5, 15 
670, 8, 14, 0, 0, 1, 5, 15 
671, 8, 14, 0, 0, 1, 5, 10 
672, 8, 14, 0, 0, 1, 5, 8 
673, 8, 14, 0, 0, 1, 5, 15 
674, 8, 14, 0, 0, 1, 5, 10 
675, 8, 14, 0, 0, 1, 5, 15 
676, 8, 14, 0, 0, 1, 5, 8 
677, 8, 14, 0, 0, 1, 5, 15 
678, 8, 14, 0, 0, 1, 5, 15 
679, 8, 14, 0, 0, 1, 5, 15 
680, 8, 14, 0, 0, 1, 5, 15 
681, 8, 14, 0, 0, 1, 5, 15 
682, 8, 14, 0, 0, 1, 5, 8 
683, 8, 14, 0, 0, 1, 5, 10 
684, 8, 14, 0, 0, 1, 5, 15 
685, 8, 14, 0, 0, 1, 5, 15 
686, 8, 14, 0, 0, 1, 5, 8 
687, 8, 14, 0, 0, 1, 5, 15 
688, 8, 14, 0, 0, 1, 5, 8 
689, 8, 14, 0, 0, 1, 5, 15 
690, 8, 14, 0, 0, 1, 5, 10 
691, 8, 14, 0, 0, 1, 5, 8 
692, 8, 14, 0, 0, 1, 5, 15 
693, 8, 14, 0, 0, 1, 5, 15 
694, 8, 14, 0, 0, 1, 5, 15 
695, 8, 14, 0, 0, 1, 5, 10 
696, 8, 14, 0, 0, 1, 5, 15 
697, 8, 14, 0, 0, 1, 5, 15 
698, 8, 14, 0, 0, 1, 5, 15 
699, 8, 14, 0, 0, 1, 5, 15 
700, 8, 14, 0, 0, 1, 5, 15 
701, 8, 14, 0, 0, 1, 5, 15 
702, 8, 14, 0, 0, 1, 5, 15 
703, 8, 14, 0, 0, 1, 5, 10 
704, 8, 14, 0, 0, 1, 5, 15 
705, 8, 14, 0, 0, 1, 5, 15 
706, 8, 14, 0, 0, 1, 5, 15 
707, 8, 14, 0, 0, 1, 5, 15 
708, 8, 14, 0, 0, 1, 5, 10 
709, 8, 14, 0, 0, 1, 5, 15 
710, 8, 14, 0, 0, 1, 5, 10 
711, 8, 14, 0, 0, 1, 5, 10 
712, 8, 14, 0, 0, 1, 5, 15 
713, 8, 14, 0, 0, 1, 5, 10 
714, 8, 14, 0, 0, 1, 5, 10 
715, 8, 14, 0, 0, 1, 5, 15 
716, 8, 14, 0, 0, 1, 5, 15 
717, 8, 14, 0, 0, 1, 5, 15 
718, 8, 14, 0, 0, 1, 5, 8 
719, 8, 14, 0, 0, 1, 5, 15 
720, 8, 14, 0, 0, 1, 5, 10 
721, 8, 14, 0, 0, 1, 5, 15 
722, 8, 14, 0, 0, 1, 5, 15 
723, 8, 14, 0, 0, 1, 5, 15 
724, 8, 14, 0, 0, 1, 5, 15 
725, 8, 14, 0, 0, 1, 5, 15 
726, 8, 14, 0, 0, 1, 5, 8 
727, 8, 14, 0, 0, 1, 5, 15 
728, 8, 14, 0, 0, 1, 5, 10 
729, 8, 14, 0, 0, 1, 5, 15 
730, 8, 14, 0, 0, 1, 5, 15 
731, 8, 14, 0, 0, 1, 5, 15 
732, 8, 14, 0, 0, 1, 5, 15 
733, 8, 14, 0, 0, 1, 5, 15 
734, 8, 14, 0, 0, 1, 5, 8 
735, 8, 14, 0, 0, 1, 5, 10 
736, 8, 14, 0, 0, 1, 5, 15 
737, 8, 14, 0, 0, 1, 5, 8 
738, 8, 14, 0, 0, 1, 5, 15 
739, 8, 14, 0, 0, 1, 5, 15 
740, 8, 14, 0, 0, 1, 5, 15 
741, 8, 14, 0, 0, 1, 5, 15 
742, 8, 14, 0, 0, 1, 5, 8 
743, 8, 14, 0, 0, 1, 5, 15 
744, 8, 14, 0, 0, 1, 5, 15 
745, 8, 14, 0, 0, 1, 5, 8 
746, 8, 14, 0, 0, 1, 5, 15 
747, 8, 14, 0, 0, 1, 5, 15 
748, 8, 14, 0, 0, 1, 5, 15 
749, 8, 14, 0, 0, 1, 5, 15 
750, 8, 14, 0, 0, 1, 5, 8 
751, 8, 14, 0, 0, 1, 5, 10 
752, 8, 14, 0, 0, 1, 5, 15 
753, 8, 14, 0, 0, 1, 5, 8 
754, 8, 14, 0, 0, 1, 5, 15 
755, 8, 14, 0, 0, 1, 5, 15 
756, 8, 14, 0, 0, 1, 5, 15 
757, 8, 14, 0, 0, 1, 5, 10 
758, 8, 14, 0, 0, 1, 5, 15 
759, 8, 14, 0, 0, 1, 5, 15 
760, 8, 14, 0, 0, 1, 5, 15 
761, 8, 14, 0, 0, 1, 5, 10 
762, 8, 14, 0, 0, 1, 5, 15 
763, 8, 14, 0, 0, 1, 5, 8 
764, 8, 14, 0, 0, 1, 5, 15 
765, 8, 14, 0, 0, 1, 5, 8 
766, 8, 14, 0, 0, 1, 5, 15 
767, 8, 14, 0, 0, 1, 5, 15 
768, 8, 14, 0, 0, 1, 5, 15 
769, 8, 14, 0, 0, 1, 5, 15 
770, 8, 14, 0, 0, 1, 5, 15 
771, 8, 14, 0, 0, 1, 5, 15 
772, 8, 14, 0, 0, 1, 5, 15 
773, 8, 14, 0, 0, 1, 5, 10 
774, 8, 14, 0, 0, 1, 5, 15 
775, 8, 14, 0, 0, 1, 5, 10 
776, 8, 14, 0, 0, 1, 5, 8 
777, 8, 14, 0, 0, 1, 5, 8 
778, 8, 14, 0, 0, 1, 5, 15 
779, 8, 14, 0, 0, 1, 5, 8 
780, 8, 14, 0, 0, 1, 5, 15 
781, 8, 14, 0, 0, 1, 5, 8 
782, 8, 14, 0, 0, 1, 5, 15 
783, 8, 14, 0, 0, 1, 5, 8 
784, 8, 14, 0, 0, 1, 5, 15 
785, 8, 14, 0, 0, 1, 5, 15 
786, 8, 14, 0, 0, 1, 5, 15 
787, 8, 14, 0, 0, 1, 5, 15 
788, 8, 14, 0, 0, 1, 5, 10 
789, 8, 14, 0, 0, 1, 5, 15 
790, 8, 14, 0, 0, 1, 5, 15 
791, 8, 14, 0, 0, 1, 5, 15 
792, 8, 14, 0, 0, 1, 5, 15 
793, 8, 14, 0, 0, 1, 5, 10 
794, 8, 14, 0, 0, 1, 5, 15 
795, 8, 14, 0, 0, 1, 5, 8 
796, 8, 14, 0, 0, 1, 5, 15 
797, 8, 14, 0, 0, 1, 5, 15 
798, 8, 14, 0, 0, 1, 5, 15 
799, 8, 14, 0, 0, 1, 5, 8 
800, 8, 14, 0, 0, 1, 5, 10 
801, 8, 14, 0, 0, 1, 5, 10 
802, 8, 14, 0, 0, 1, 5, 8 
803, 8, 14, 0, 0, 1, 5, 15 
804, 8, 14, 0, 0, 1, 5, 8 
805, 8, 14, 0, 0, 1, 5, 10 
806, 8, 14, 0, 0, 1, 5, 8 
807, 8, 14, 0, 0, 1, 5, 10 
808, 8, 14, 0, 0, 1, 5, 15 
809, 8, 14, 0, 0, 1, 5, 15 
810, 8, 14, 0, 0, 1, 5, 15 
811, 8, 14, 0, 0, 1, 5, 8 
812, 8, 14, 0, 0, 1, 5, 15 
813, 8, 14, 0, 0, 1, 5, 15 
814, 8, 14, 0, 0, 1, 5, 15 
815, 8, 14, 0, 0, 1, 5, 8 
816, 8, 14, 0, 0, 1, 5, 8 
817, 8, 14, 0, 0, 1, 5, 10 
818, 8, 14, 0, 0, 1, 5, 10 
819, 8, 14, 0, 0, 1, 5, 15 
820, 8, 14, 0, 0, 1, 5, 15 
821, 8, 14, 0, 0, 1, 5, 15 
822, 8, 14, 0, 0, 1, 5, 15 
823, 8, 14, 0, 0, 1, 5, 15 
824, 8, 14, 0, 0, 1, 5, 10 
825, 8, 14, 0, 0, 1, 5, 10 
826, 8, 14, 0, 0, 1, 5, 8 
827, 8, 14, 0, 0, 1, 5, 15 
828, 8, 14, 0, 0, 1, 5, 15 
829, 8, 14, 0, 0, 1, 5, 15 
830, 8, 14, 0, 0, 1, 5, 15 
831, 8, 14, 0, 0, 1, 5, 8 
832, 8, 14, 0, 0, 1, 5, 10 
833, 8, 14, 0, 0, 1, 5, 10 
834, 8, 14, 0, 0, 1, 5, 10 
835, 8, 14, 0, 0, 1, 5, 15 
836, 8, 14, 0, 0, 1, 5, 15 
837, 8, 14, 0, 0, 1, 5, 15 
838, 8, 14, 0, 0, 1, 5, 15 
839, 8, 14, 0, 0, 1, 5, 15 
840, 8, 14, 0, 0, 1, 5, 15 
841, 8, 14, 0, 0, 1, 5, 15 
842, 8, 14, 0, 0, 1, 5, 15 
843, 8, 14, 0, 0, 1, 5, 10 
844, 8, 14, 0, 0, 1, 5, 8 
845, 8, 14, 0, 0, 1, 5, 15 
846, 8, 14, 0, 0, 1, 5, 10 
847, 8, 14, 0, 0, 1, 5, 15 
848, 8, 14, 0, 0, 1, 5, 8 
849, 8, 14, 0, 0, 1, 5, 15 
850, 8, 14, 0, 0, 1, 5, 15 
851, 8, 14, 0, 0, 1, 5, 15 
852, 8, 14, 0, 0, 1, 5, 15 
853, 8, 14, 0, 0, 1, 5, 15 
854, 8, 14, 0, 0, 1, 5, 8 
855, 8, 14, 0, 0, 1, 5, 10 
856, 8, 14, 0, 0, 1, 5, 15 
857, 8, 14, 0, 0, 1, 5, 15 
858, 8, 14, 0, 0, 1, 5, 8 
859, 8, 14, 0, 0, 1, 5, 15 
860, 8, 14, 0, 0, 1, 5, 8 
861, 8, 14, 0, 0, 1, 5, 15 
862, 8, 14, 0, 0, 1, 5, 10 
863, 8, 14, 0, 0, 1, 5, 8 
864, 8, 14, 0, 0, 1, 5, 15 
865, 8, 14, 0, 0, 1, 5, 15 
866, 8, 14, 0, 0, 1, 5, 15 
867, 8, 14, 0, 0, 1, 5, 10 
868, 8, 14, 0, 0, 1, 5, 15 
869, 8, 14, 0, 0, 1, 5, 15 
870, 8, 14, 0, 0, 1, 5, 15 
871, 8, 14, 0, 0, 1, 5, 15 
872, 8, 14, 0, 0, 1, 5, 15 
873, 8, 14, 0, 0, 1, 5, 15 
874, 8, 14, 0, 0, 1, 5, 15 
875, 8, 14, 0, 0, 1, 5, 10 
876, 8, 14, 0, 0, 1, 5, 15 
877, 8, 14, 0, 0, 1, 5, 15 
878, 8, 14, 0, 0, 1, 5, 15 
879, 8, 14, 0, 0, 1, 5, 15 
880, 8, 14, 0, 0, 1, 5, 15 
881, 8, 14, 0, 0, 1, 5, 15 
882, 8, 14, 0, 0, 1, 5, 15 
883, 8, 14, 0, 0, 1, 5, 15 
884, 8, 14, 0, 0, 1, 5, 15 
885, 8, 14, 0, 0, 1, 5, 10 
886, 8, 14, 0, 0, 1, 5, 15 
887, 8, 14, 0, 0, 1, 5, 15 
888, 8, 14, 0, 0, 1, 5, 15 
889, 8, 14, 0, 0, 1, 5, 15 
890, 8, 14, 0, 0, 1, 5, 15 
891, 8, 14, 0, 0, 1, 5, 15 
892, 8, 14, 0, 0, 1, 5, 10 
893, 8, 14, 0, 0, 1, 5, 15 
894, 8, 14, 0, 0, 1, 5, 15 
895, 8, 14, 0, 0, 1, 5, 15 
896, 8, 14, 0, 0, 1, 5, 10 
897, 8, 14, 0, 0, 1, 5, 15 
898, 8, 14, 0, 0, 1, 5, 15 
899, 8, 14, 0, 0, 1, 5, 8 
900, 8, 14, 0, 0, 1, 5, 8 
901, 8, 14, 0, 0, 1, 5, 10 
902, 8, 14, 0, 0, 1, 5, 15 
903, 8, 14, 0, 0, 1, 5, 8 
904, 8, 14, 0, 0, 1, 5, 8 
905, 8, 14, 0, 0, 1, 5, 15 
906, 8, 14, 0, 0, 1, 5, 10 
907, 8, 14, 0, 0, 1, 5, 15 
908, 8, 14, 0, 0, 1, 5, 15 
909, 8, 14, 0, 0, 1, 5, 8 
910, 8, 14, 0, 0, 1, 5, 15 
911, 8, 14, 0, 0, 1, 5, 15 
912, 8, 14, 0, 0, 1, 5, 10 
913, 8, 14, 0, 0, 1, 5, 15 
914, 8, 14, 0, 0, 1, 5, 15 
915, 8, 14, 0, 0, 1, 5, 8 
916, 8, 14, 0, 0, 1, 5, 10 
917, 8, 14, 0, 0, 1, 5, 10 
918, 8, 14, 0, 0, 1, 5, 15 
919, 8, 14, 0, 0, 1, 5, 15 
920, 8, 14, 0, 0, 1, 5, 15 
921, 8, 14, 0, 0, 1, 5, 8 
922, 8, 14, 0, 0, 1, 5, 15 
923, 8, 14, 0, 0, 1, 5, 15 
924, 8, 14, 0, 0, 1, 5, 15 
925, 8, 14, 0, 0, 1, 5, 8 
926, 8, 14, 0, 0, 1, 5, 15 
927, 8, 14, 0, 0, 1, 5, 15 
928, 8, 14, 0, 0, 1, 5, 10 
929, 8, 14, 0, 0, 1, 5, 15 
930, 8, 14, 0, 0, 1, 5, 15 
931, 8, 14, 0, 0, 1, 5, 8 
932, 8, 14, 0, 0, 1, 5, 15 
933, 8, 14, 0, 0, 1, 5, 8 
934, 8, 14, 0, 0, 1, 5, 15 
935, 8, 14, 0, 0, 1, 5, 15 
936, 8, 14, 0, 0, 1, 5, 15 
937, 8, 14, 0, 0, 1, 5, 8 
938, 8, 14, 0, 0, 1, 5, 8 
939, 8, 14, 0, 0, 1, 5, 15 
940, 8, 14, 0, 0, 1, 5, 8 
941, 8, 14, 0, 0, 1, 5, 8 
942, 8, 14, 0, 0, 1, 5, 8 
943, 8, 14, 0, 0, 1, 5, 10 
944, 8, 14, 0, 0, 1, 5, 10 
945, 8, 14, 0, 0, 1, 5, 15 
946, 8, 14, 0, 0, 1, 5, 10 
947, 8, 14, 0, 0, 1, 5, 8 
948, 8, 14, 0, 0, 1, 5, 8 
949, 8, 14, 0, 0, 1, 5, 15 
950, 8, 14, 0, 0, 1, 5, 15 
951, 8, 14, 0, 0, 1, 5, 8 
952, 8, 14, 0, 0, 1, 5, 8 
953, 8, 14, 0, 0, 1, 5, 15 
954, 8, 14, 0, 0, 1, 5, 15 
955, 8, 14, 0, 0, 1, 5, 15 
956, 8, 14, 0, 0, 1, 5, 15 
957, 8, 14, 0, 0, 1, 5, 8 
958, 8, 14, 0, 0, 1, 5, 10 
959, 8, 14, 0, 0, 1, 5, 15 
960, 8, 14, 0, 0, 1, 5, 15 
961, 8, 14, 0, 0, 1, 5, 10 
962, 8, 14, 0, 0, 1, 5, 10 
963, 8, 14, 0, 0, 1, 5, 15 
964, 8, 14, 0, 0, 1, 5, 15 
965, 8, 14, 0, 0, 1, 5, 15 
966, 8, 14, 0, 0, 1, 5, 15 
967, 8, 14, 0, 0, 1, 5, 8 
968, 8, 14, 0, 0, 1, 5, 10 
969, 8, 14, 0, 0, 1, 5, 15 
970, 8, 14, 0, 0, 1, 5, 10 
971, 8, 14, 0, 0, 1, 5, 15 
972, 8, 14, 0, 0, 1, 5, 10 
973, 8, 14, 0, 0, 1, 5, 15 
974, 8, 14, 0, 0, 1, 5, 15 
975, 8, 14, 0, 0, 1, 5, 15 
976, 8, 14, 0, 0, 1, 5, 15 
977, 8, 14, 0, 0, 1, 5, 15 
978, 8, 14, 0, 0, 1, 5, 8 
979, 8, 14, 0, 0, 1, 5, 15 
980, 8, 14, 0, 0, 1, 5, 10 
981, 8, 14, 0, 0, 1, 5, 8 
982, 8, 14, 0, 0, 1, 5, 10 
983, 8, 14, 0, 0, 1, 5, 15 
984, 8, 14, 0, 0, 1, 5, 10 
985, 8, 14, 0, 0, 1, 5, 15 
986, 8, 14, 0, 0, 1, 5, 15 
987, 8, 14, 0, 0, 1, 5, 15 
988, 8, 14, 0, 0, 1, 5, 15 
989, 8, 14, 0, 0, 1, 5, 15 
990, 8, 14, 0, 0, 1, 5, 8 
991, 8, 14, 0, 0, 1, 5, 15 
992, 8, 14, 0, 0, 1, 5, 15 
993, 8, 14, 0, 0, 1, 5, 15 
994, 8, 14, 0, 0, 1, 5, 10 
995, 8, 14, 0, 0, 1, 5, 15 
996, 8, 14, 0, 0, 1, 5, 10 
997, 8, 14, 0, 0, 1, 5, 8 
998, 8, 14, 0, 0, 1, 5, 8 
999, 8, 14, 0, 0, 1, 5, 15 
1000, 8, 14, 0, 0, 1, 5, 8 
1001, 8, 14, 0, 0, 1, 5, 15 
1002, 8, 14, 0, 0, 1, 5, 8 
1003, 8, 14, 0, 0, 1, 5, 15 
1004, 8, 14, 0, 0, 1, 5, 8 
1005, 8, 14, 0, 0, 1, 5, 15 
1006, 8, 14, 0, 0, 1, 5, 15 
1007, 8, 14, 0, 0, 1, 5, 15 
1008, 8, 14, 0, 0, 1, 5, 15 
1009, 8, 14, 0, 0, 1, 5, 10 
1010, 8, 14, 0, 0, 1, 5, 15 
1011, 8, 14, 0, 0, 1, 5, 15 
1012, 8, 14, 0, 0, 1, 5, 15 
1013, 8, 14, 0, 0, 1, 5, 15 
1014, 8, 14, 0, 0, 1, 5, 10 
1015, 8, 14, 0, 0, 1, 5, 15 
1016, 8, 14, 0, 0, 1, 5, 8 
1017, 8, 14, 0, 0, 1, 5, 15 
1018, 8, 14, 0, 0, 1, 5, 15 
1019, 8, 14, 0, 0, 1, 5, 15 
1020, 8, 14, 0, 0, 1, 5, 8 
1021, 8, 14, 0, 0, 1, 5, 10 
1022, 8, 14, 0, 0, 1, 5, 10 
1023, 8, 14, 0, 0, 1, 5, 8 
1024, 8, 14, 0, 0, 1, 5, 15 
1025, 8, 14, 0, 0, 1, 5, 8 
1026, 8, 14, 0, 0, 1, 5, 10 
1027, 8, 14, 0, 0, 1, 5, 8 
1028, 8, 14, 0, 0, 1, 5, 10 
1029, 8, 14, 0, 0, 1, 5, 15 
1030, 8, 14, 0, 0, 1, 5, 15 
1031, 8, 14, 0, 0, 1, 5, 15 
1032, 8, 14, 0, 0, 1, 5, 8 
1033, 8, 14, 0, 0, 1, 5, 15 
1034, 8, 14, 0, 0, 1, 5, 15 
1035, 8, 14, 0, 0, 1, 5, 15 
1036, 8, 14, 0, 0, 1, 5, 8 
1037, 8, 14, 0, 0, 1, 5, 8 
1038, 8, 14, 0, 0, 1, 5, 10 
1039, 8, 14, 0, 0, 1, 5, 10 
1040, 8, 14, 0, 0, 1, 5, 15 
1041, 8, 14, 0, 0, 1, 5, 15 
1042, 8, 14, 0, 0, 1, 5, 15 
1043, 8, 14, 0, 0, 1, 5, 15 
1044, 8, 14, 0, 0, 1, 5, 15 
1045, 8, 14, 0, 0, 1, 5, 10 
1046, 8, 14, 0, 0, 1, 5, 10 
1047, 8, 14, 0, 0, 1, 5, 8 
1048, 8, 14, 0, 0, 1, 5, 15 
1049, 8, 14, 0, 0, 1, 5, 15 
1050, 8, 14, 0, 0, 1, 5, 15 
1051, 8, 14, 0, 0, 1, 5, 15 
1052, 8, 14, 0, 0, 1, 5, 8 
1053, 8, 14, 0, 0, 1, 5, 10 
1054, 8, 14, 0, 0, 1, 5, 10 
1055, 8, 14, 0, 0, 1, 5, 10 
1056, 8, 14, 0, 0, 1, 5, 15 
1057, 8, 14, 0, 0, 1, 5, 15 
1058, 8, 14, 0, 0, 1, 5, 15 
1059, 8, 14, 0, 0, 1, 5, 15 
1060, 8, 14, 0, 0, 1, 5, 15 
1061, 8, 14, 0, 0, 1, 5, 15 
1062, 8, 14, 0, 0, 1, 5, 15 
1063, 8, 14, 0, 0, 1, 5, 10 
1064, 8, 14, 0, 0, 1, 5, 15 
1065, 8, 14, 0, 0, 1, 5, 10 
1066, 8, 14, 0, 0, 1, 5, 8 
1067, 8, 14, 0, 0, 1, 5, 15 
1068, 8, 14, 0, 0, 1, 5, 10 
1069, 8, 14, 0, 0, 1, 5, 10 
1070, 8, 14, 0, 0, 1, 5, 15 
1071, 8, 14, 0, 0, 1, 5, 15 
1072, 8, 14, 0, 0, 1, 5, 15 
1073, 8, 14, 0, 0, 1, 5, 10 
1074, 8, 14, 0, 0, 1, 5, 15 
1075, 8, 14, 0, 0, 1, 5, 15 
1076, 8, 14, 0, 0, 1, 5, 15 
1077, 8, 14, 0, 0, 1, 5, 15 
1078, 8, 14, 0, 0, 1, 5, 8 
1079, 8, 14, 0, 0, 1, 5, 15 
1080, 8, 14, 0, 0, 1, 5, 10 
1081, 8, 14, 0, 0, 1, 5, 8 
1082, 8, 14, 0, 0, 1, 5, 8 
1083, 8, 14, 0, 0, 1, 5, 15 
1084, 8, 14, 0, 0, 1, 5, 8 
1085, 8, 14, 0, 0, 1, 5, 15 
1086, 8, 14, 0, 0, 1, 5, 8 
1087, 8, 14, 0, 0, 1, 5, 15 
1088, 8, 14, 0, 0, 1, 5, 15 
1089, 8, 14, 0, 0, 1, 5, 15 
1090, 8, 14, 0, 0, 1, 5, 8 
1091, 8, 14, 0, 0, 1, 5, 10 
1092, 8, 14, 0, 0, 1, 5, 15 
1093, 8, 14, 0, 0, 1, 5, 15 
1094, 8, 14, 0, 0, 1, 5, 10 
1095, 8, 14, 0, 0, 1, 5, 15 
1096, 8, 14, 0, 0, 1, 5, 15 
1097, 8, 14, 0, 0, 1, 5, 8 
1098, 8, 14, 0, 0, 1, 5, 15 
1099, 8, 14, 0, 0, 1, 5, 10 
1100, 8, 14, 0, 0, 1, 5, 15 
1101, 8, 14, 0, 0, 1, 5, 15 
1102, 8, 14, 0, 0, 1, 5, 8 
1103, 8, 14, 0, 0, 1, 5, 15 
1104, 8, 14, 0, 0, 1, 5, 15 
1105, 8, 14, 0, 0, 1, 5, 15 
1106, 8, 14, 0, 0, 1, 5, 15 
1107, 8, 14, 0, 0, 1, 5, 8 
1108, 8, 14, 0, 0, 1, 5, 10 
1109, 8, 14, 0, 0, 1, 5, 10 
1110, 8, 14, 0, 0, 1, 5, 8 
1111, 8, 14, 0, 0, 1, 5, 15 
1112, 8, 14, 0, 0, 1, 5, 15 
1113, 8, 14, 0, 0, 1, 5, 15 
1114, 8, 14, 0, 0, 1, 5, 15 
1115, 8, 14, 0, 0, 1, 5, 15 
1116, 8, 14, 0, 0, 1, 5, 15 
1117, 8, 14, 0, 0, 1, 5, 15 
1118, 8, 14, 0, 0, 1, 5, 15 
1119, 8, 14, 0, 0, 1, 5, 15 
1120, 8, 14, 0, 0, 1, 5, 15 
1121, 8, 14, 0, 0, 1, 5, 10 
1122, 8, 14, 0, 0, 1, 5, 10 
1123, 8, 14, 0, 0, 1, 5, 15 
1124, 8, 14, 0, 0, 1, 5, 15 
1125, 8, 14, 0, 0, 1, 5, 8 
1126, 8, 14, 0, 0, 1, 5, 10 
1127, 8, 14, 0, 0, 1, 5, 15 
1128, 8, 14, 0, 0, 1, 5, 15 
1129, 8, 14, 0, 0, 1, 5, 15 
1130, 8, 14, 0, 0, 1, 5, 15 
1131, 8, 14, 0, 0, 1, 5, 10 
1132, 8, 14, 0, 0, 1, 5, 15 
1133, 8, 14, 0, 0, 1, 5, 15 
1134, 8, 14, 0, 0, 1, 5, 10 
1135, 8, 14, 0, 0, 1, 5, 8 
1136, 8, 14, 0, 0, 1, 5, 15 
1137, 8, 14, 0, 0, 1, 5, 10 
1138, 8, 14, 0, 0, 1, 5, 15 
1139, 8, 14, 0, 0, 1, 5, 8 
1140, 8, 14, 0, 0, 1, 5, 15 
1141, 8, 14, 0, 0, 1, 5, 15 
1142, 8, 14, 0, 0, 1, 5, 15 
1143, 8, 14, 0, 0, 1, 5, 8 
1144, 8, 14, 0, 0, 1, 5, 10 
1145, 8, 14, 0, 0, 1, 5, 15 
1146, 8, 14, 0, 0, 1, 5, 15 
1147, 8, 14, 0, 0, 1, 5, 10 
1148, 8, 14, 0, 0, 1, 5, 10 
1149, 8, 14, 0, 0, 1, 5, 8 
1150, 8, 14, 0, 0, 1, 5, 15 
1151, 8, 14, 0, 0, 1, 5, 15 
1152, 8, 14, 0, 0, 1, 5, 15 
1153, 8, 14, 0, 0, 1, 5, 8 
1154, 8, 14, 0, 0, 1, 5, 15 
1155, 8, 14, 0, 0, 1, 5, 10 
1156, 8, 14, 0, 0, 1, 5, 15 
1157, 8, 14, 0, 0, 1, 5, 15 
1158, 8, 14, 0, 0, 1, 5, 15 
1159, 8, 14, 0, 0, 1, 5, 10 
1160, 8, 14, 0, 0, 1, 5, 8 
1161, 8, 14, 0, 0, 1, 5, 15 
1162, 8, 14, 0, 0, 1, 5, 10 
1163, 8, 14, 0, 0, 1, 5, 8 
1164, 8, 14, 0, 0, 1, 5, 15 
1165, 8, 14, 0, 0, 1, 5, 15 
1166, 8, 14, 0, 0, 1, 5, 8 
1167, 8, 14, 0, 0, 1, 5, 15 
1168, 8, 14, 0, 0, 1, 5, 8 
1169, 8, 14, 0, 0, 1, 5, 15 
1170, 8, 14, 0, 0, 1, 5, 8 
1171, 8, 14, 0, 0, 1, 5, 15 
1172, 8, 14, 0, 0, 1, 5, 10 
1173, 8, 14, 0, 0, 1, 5, 15 
1174, 8, 14, 0, 0, 1, 5, 15 
1175, 8, 14, 0, 0, 1, 5, 15 
1176, 8, 14, 0, 0, 1, 5, 8 
1177, 8, 14, 0, 0, 1, 5, 15 
1178, 8, 14, 0, 0, 1, 5, 15 
1179, 8, 14, 0, 0, 1, 5, 15 
1180, 8, 14, 0, 0, 1, 5, 15 
1181, 8, 14, 0, 0, 1, 5, 15 
1182, 8, 14, 0, 0, 1, 5, 15 
1183, 8, 14, 0, 0, 1, 5, 10 
1184, 8, 14, 0, 0, 1, 5, 15 
1185, 8, 14, 0, 0, 1, 5, 15 
1186, 8, 14, 0, 0, 1, 5, 10 
1187, 8, 14, 0, 0, 1, 5, 10 
1188, 8, 14, 0, 0, 1, 5, 15 
1189, 8, 14, 0, 0, 1, 5, 10 
1190, 8, 14, 0, 0, 1, 5, 15 
1191, 8, 14, 0, 0, 1, 5, 15 
1192, 8, 14, 0, 0, 1, 5, 8 
1193, 8, 14, 0, 0, 1, 5, 15 
1194, 8, 14, 0, 0, 1, 5, 8 
1195, 8, 14, 0, 0, 1, 5, 15 
1196, 8, 14, 0, 0, 1, 5, 15 
1197, 8, 14, 0, 0, 1, 5, 15 
1198, 8, 14, 0, 0, 1, 5, 10 
1199, 8, 14, 0, 0, 1, 5, 15 
1200, 8, 14, 0, 0, 1, 5, 15 
1201, 8, 14, 0, 0, 1, 5, 8 
1202, 8, 14, 0, 0, 1, 5, 10 
1203, 8, 14, 0, 0, 1, 5, 15 
1204, 8, 14, 0, 0, 1, 5, 15 
1205, 8, 14, 0, 0, 1, 5, 15 
1206, 8, 14, 0, 0, 1, 5, 8 
1207, 8, 14, 0, 0, 1, 5, 8 
1208, 8, 14, 0, 0, 1, 5, 15 
1209, 8, 14, 0, 0, 1, 5, 15 
1210, 8, 14, 0, 0, 1, 5, 8 
1211, 8, 14, 0, 0, 1, 5, 15 
1212, 8, 14, 0, 0, 1, 5, 10 
1213, 8, 14, 0, 0, 1, 5, 15 
1214, 8, 14, 0, 0, 1, 5, 15 
1215, 8, 14, 0, 0, 1, 5, 10 
1216, 8, 14, 0, 0, 1, 5, 15 
1217, 8, 14, 0, 0, 1, 5, 10 
1218, 8, 14, 0, 0, 1, 5, 10 
1219, 8, 14, 0, 0, 1, 5, 10 
1220, 8, 14, 0, 0, 1, 5, 15 
1221, 8, 14, 0, 0, 1, 5, 15 
1222, 8, 14, 0, 0, 1, 5, 15 
1223, 8, 14, 0, 0, 1, 5, 10 
1224, 8, 14, 0, 0, 1, 5, 15 
1225, 8, 14, 0, 0, 1, 5, 10 
1226, 8, 14, 0, 0, 1, 5, 8 
1227, 8, 14, 0, 0, 1, 5, 8 
1228, 8, 14, 0, 0, 1, 5, 15 
1229, 8, 14, 0, 0, 1, 5, 10 
1230, 8, 14, 0, 0, 1, 5, 15 
1231, 8, 14, 0, 0, 1, 5, 15 
1232, 8, 14, 0, 0, 1, 5, 15 
1233, 8, 14, 0, 0, 1, 5, 15 
1234, 8, 14, 0, 0, 1, 5, 8 
1235, 8, 14, 0, 0, 1, 5, 15 
1236, 8, 14, 0, 0, 1, 5, 8 
1237, 8, 14, 0, 0, 1, 5, 10 
1238, 8, 14, 0, 0, 1, 5, 15 
1239, 8, 14, 0, 0, 1, 5, 8 
1240, 8, 14, 0, 0, 1, 5, 15 
1241, 8, 14, 0, 0, 1, 5, 15 
1242, 8, 14, 0, 0, 1, 5, 8 
1243, 8, 14, 0, 0, 1, 5, 8 
1244, 8, 14, 0, 0, 1, 5, 15 
1245, 8, 14, 0, 0, 1, 5, 10 
1246, 8, 14, 0, 0, 1, 5, 15 
1247, 8, 14, 0, 0, 1, 5, 10 
1248, 8, 14, 0, 0, 1, 5, 10 
1249, 8, 14, 0, 0, 1, 5, 15 
1250, 8, 14, 0, 0, 1, 5, 8 
1251, 8, 14, 0, 0, 1, 5, 15 
1252, 8, 14, 0, 0, 1, 5, 8 
1253, 8, 14, 0, 0, 1, 5, 15 
1254, 8, 14, 0, 0, 1, 5, 15 
1255, 8, 14, 0, 0, 1, 5, 10 
1256, 8, 14, 0, 0, 1, 5, 15 
1257, 8, 14, 0, 0, 1, 5, 15 
1258, 8, 14, 0, 0, 1, 5, 15 
1259, 8, 14, 0, 0, 1, 5, 15 
1260, 8, 14, 0, 0, 1, 5, 10 
1261, 8, 14, 0, 0, 1, 5, 15 
1262, 8, 14, 0, 0, 1, 5, 10 
1263, 8, 14, 0, 0, 1, 5, 8 
1264, 8, 14, 0, 0, 1, 5, 15 
1265, 8, 14, 0, 0, 1, 5, 15 
1266, 8, 14, 0, 0, 1, 5, 15 
1267, 8, 14, 0, 0, 1, 5, 15 
1268, 8, 14, 0, 0, 1, 5, 10 
1269, 8, 14, 0, 0, 1, 5, 15 
1270, 8, 14, 0, 0, 1, 5, 15 
1271, 8, 14, 0, 0, 1, 5, 15 
1272, 8, 14, 0, 0, 1, 5, 15 
1273, 8, 14, 0, 0, 1, 5, 15 
1274, 8, 14, 0, 0, 1, 5, 8 
1275, 8, 14, 0, 0, 1, 5, 10 
1276, 8, 14, 0, 0, 1, 5, 10 
1277, 8, 14, 0, 0, 1, 5, 15 
1278, 8, 14, 0, 0, 1, 5, 15 
1279, 8, 14, 0, 0, 1, 5, 15 
1280, 8, 14, 0, 0, 1, 5, 15 
1281, 8, 14, 0, 0, 1, 5, 15 
1282, 8, 14, 0, 0, 1, 5, 15 
1283, 8, 14, 0, 0, 1, 5, 10 
1284, 8, 14, 0, 0, 1, 5, 10 
1285, 8, 14, 0, 0, 1, 5, 10 
1286, 8, 14, 0, 0, 1, 5, 15 
1287, 8, 14, 0, 0, 1, 5, 10 
1288, 8, 14, 0, 0, 1, 5, 15 
1289, 8, 14, 0, 0, 1, 5, 8 
1290, 8, 14, 0, 0, 1, 5, 10 
1291, 8, 14, 0, 0, 1, 5, 15 
1292, 8, 14, 0, 0, 1, 5, 8 
1293, 8, 14, 0, 0, 1, 5, 8 
1294, 8, 14, 0, 0, 1, 5, 10 
1295, 8, 14, 0, 0, 1, 5, 15 
1296, 8, 14, 0, 0, 1, 5, 15 
1297, 8, 14, 0, 0, 1, 5, 8 
1298, 8, 14, 0, 0, 1, 5, 15 
1299, 8, 14, 0, 0, 1, 5, 8 
1300, 8, 14, 0, 0, 1, 5, 15 
1301, 8, 14, 0, 0, 1, 5, 10 
1302, 8, 14, 0, 0, 1, 5, 8 
1303, 8, 14, 0, 0, 1, 5, 15 
1304, 8, 14, 0, 0, 1, 5, 15 
1305, 8, 14, 0, 0, 1, 5, 15 
1306, 8, 14, 0, 0, 1, 5, 10 
1307, 8, 14, 0, 0, 1, 5, 15 
1308, 8, 14, 0, 0, 1, 5, 15 
1309, 8, 14, 0, 0, 1, 5, 15 
1310, 8, 14, 0, 0, 1, 5, 15 
1311, 8, 14, 0, 0, 1, 5, 15 
1312, 8, 14, 0, 0, 1, 5, 15 
1313, 8, 14, 0, 0, 1, 5, 15 
1314, 8, 14, 0, 0, 1, 5, 10 
1315, 8, 14, 0, 0, 1, 5, 15 
1316, 8, 14, 0, 0, 1, 5, 15 
1317, 8, 14, 0, 0, 1, 5, 15 
1318, 8, 14, 0, 0, 1, 5, 15 
1319, 8, 14, 0, 0, 1, 5, 15 
1320, 8, 14, 0, 0, 1, 5, 15 
1321, 8, 14, 0, 0, 1, 5, 10 
1322, 8, 14, 0, 0, 1, 5, 10 
1323, 8, 14, 0, 0, 1, 5, 8 
1324, 8, 14, 0, 0, 1, 5, 15 
1325, 8, 14, 0, 0, 1, 5, 15 
1326, 8, 14, 0, 0, 1, 5, 15 
1327, 8, 14, 0, 0, 1, 5, 8 
1328, 8, 14, 0, 0, 1, 5, 15 
1329, 8, 14, 0, 0, 1, 5, 8 
1330, 8, 14, 0, 0, 1, 5, 10 
1331, 8, 14, 0, 0, 1, 5, 10 
1332, 8, 14, 0, 0, 1, 5, 8 
1333, 8, 14, 0, 0, 1, 5, 8 
1334, 8, 14, 0, 0, 1, 5, 8 
1335, 8, 14, 0, 0, 1, 5, 8 
1336, 8, 14, 0, 0, 1, 5, 15 
1337, 8, 14, 0, 0, 1, 5, 15 
1338, 8, 14, 0, 0, 1, 5, 15 
1339, 8, 14, 0, 0, 1, 5, 15 
1340, 8, 14, 0, 0, 1, 5, 10 
1341, 8, 14, 0, 0, 1, 5, 8 
1342, 8, 14, 0, 0, 1, 5, 15 
1343, 8, 14, 0, 0, 1, 5, 15 
1344, 8, 14, 0, 0, 1, 5, 15 
1345, 8, 14, 0, 0, 1, 5, 8 
1346, 8, 14, 0, 0, 1, 5, 15 
1347, 8, 14, 0, 0, 1, 5, 15 
1348, 8, 14, 0, 0, 1, 5, 15 
1349, 8, 14, 0, 0, 1, 5, 8 
1350, 8, 14, 0, 0, 1, 5, 15 
1351, 8, 14, 0, 0, 1, 5, 15 
1352, 8, 14, 0, 0, 1, 5, 10 
1353, 8, 14, 0, 0, 1, 5, 15 
1354, 8, 14, 0, 0, 1, 5, 15 
1355, 8, 14, 0, 0, 1, 5, 15 
1356, 8, 14, 0, 0, 1, 5, 15 
1357, 8, 14, 0, 0, 1, 5, 15 
1358, 8, 14, 0, 0, 1, 5, 15 
1359, 8, 14, 0, 0, 1, 5, 15 
1360, 8, 14, 0, 0, 1, 5, 15 
1361, 8, 14, 0, 0, 1, 5, 10 
1362, 8, 14, 0, 0, 1, 5, 10 
1363, 8, 14, 0, 0, 1, 5, 15 
1364, 8, 14, 0, 0, 1, 5, 10 
1365, 8, 14, 0, 0, 1, 5, 15 
1366, 8, 14, 0, 0, 1, 5, 15 
1367, 8, 14, 0, 0, 1, 5, 15 
1368, 8, 14, 0, 0, 1, 5, 8 
1369, 8, 14, 0, 0, 1, 5, 15 
1370, 8, 14, 0, 0, 1, 5, 8 
1371, 8, 14, 0, 0, 1, 5, 8 
1372, 8, 14, 0, 0, 1, 5, 15 
1373, 8, 14, 0, 0, 1, 5, 10 
1374, 8, 14, 0, 0, 1, 5, 15 
1375, 8, 14, 0, 0, 1, 5, 15 
1376, 8, 14, 0, 0, 1, 5, 15 
1377, 8, 14, 0, 0, 1, 5, 15 
1378, 8, 14, 0, 0, 1, 5, 15 
1379, 8, 14, 0, 0, 1, 5, 8 
1380, 8, 14, 0, 0, 1, 5, 8 
1381, 8, 14, 0, 0, 1, 5, 8 
1382, 8, 14, 0, 0, 1, 5, 15 
1383, 8, 14, 0, 0, 1, 5, 15 
1384, 8, 14, 0, 0, 1, 5, 15 
1385, 8, 14, 0, 0, 1, 5, 15 
1386, 8, 14, 0, 0, 1, 5, 8 
1387, 8, 14, 0, 0, 1, 5, 8 
1388, 8, 14, 0, 0, 1, 5, 15 
1389, 8, 14, 0, 0, 1, 5, 15 
1390, 8, 14, 0, 0, 1, 5, 15 
1391, 8, 14, 0, 0, 1, 5, 10 
1392, 8, 14, 0, 0, 1, 5, 15 
1393, 8, 14, 0, 0, 1, 5, 8 
1394, 8, 14, 0, 0, 1, 5, 10 
1395, 8, 14, 0, 0, 1, 5, 15 
1396, 8, 14, 0, 0, 1, 5, 15 
1397, 8, 14, 0, 0, 1, 5, 8 
1398, 8, 14, 0, 0, 1, 5, 15 
1399, 8, 14, 0, 0, 1, 5, 8 
1400, 8, 14, 0, 0, 1, 5, 15 
1401, 8, 14, 0, 0, 1, 5, 15 
1402, 8, 14, 0, 0, 1, 5, 15 
1403, 8, 14, 0, 0, 1, 5, 10 
1404, 8, 14, 0, 0, 1, 5, 15 
1405, 8, 14, 0, 0, 1, 5, 15 
1406, 8, 14, 0, 0, 1, 5, 10 
1407, 8, 14, 0, 0, 1, 5, 15 
1408, 8, 14, 0, 0, 1, 5, 15 
1409, 8, 14, 0, 0, 1, 5, 15 
1410, 8, 14, 0, 0, 1, 5, 15 
1411, 8, 14, 0, 0, 1, 5, 15 
1412, 8, 14, 0, 0, 1, 5, 10 
1413, 8, 14, 0, 0, 1, 5, 15 
1414, 8, 14, 0, 0, 1, 5, 15 
1415, 8, 14, 0, 0, 1, 5, 15 
1416, 8, 14, 0, 0, 1, 5, 15 
1417, 8, 14, 0, 0, 1, 5, 15 
1418, 8, 14, 0, 0, 1, 5, 10 
1419, 8, 14, 0, 0, 1, 5, 15 
1420, 8, 14, 0, 0, 1, 5, 8 
1421, 8, 14, 0, 0, 1, 5, 15 
1422, 8, 14, 0, 0, 1, 5, 15 
1423, 8, 14, 0, 0, 1, 5, 15 
1424, 8, 14, 0, 0, 1, 5, 15 
1425, 8, 14, 0, 0, 1, 5, 15 
1426, 8, 14, 0, 0, 1, 5, 15 
1427, 8, 14, 0, 0, 1, 5, 8 
1428, 8, 14, 0, 0, 1, 5, 15 
1429, 8, 14, 0, 0, 1, 5, 15 
1430, 8, 14, 0, 0, 1, 5, 15 
1431, 8, 14, 0, 0, 1, 5, 8 
1432, 8, 14, 0, 0, 1, 5, 15 
1433, 8, 14, 0, 0, 1, 5, 15 
1434, 8, 14, 0, 0, 1, 5, 15 
1435, 8, 14, 0, 0, 1, 5, 15 
1436, 8, 14, 0, 0, 1, 5, 15 
1437, 8, 14, 0, 0, 1, 5, 15 
1438, 8, 14, 0, 0, 1, 5, 15 
1439, 8, 14, 0, 0, 1, 5, 15 
1440, 8, 14, 0, 0, 1, 5, 15 
1441, 8, 14, 0, 0, 1, 5, 15 
1442, 8, 14, 0, 0, 1, 5, 10 
1443, 8, 14, 0, 0, 1, 5, 15 
1444, 8, 14, 0, 0, 1, 5, 15 
1445, 8, 14, 0, 0, 1, 5, 10 
1446, 8, 14, 0, 0, 1, 5, 8 
1447, 8, 14, 0, 0, 1, 5, 15 
1448, 8, 14, 0, 0, 1, 5, 15 
1449, 8, 14, 0, 0, 1, 5, 15 
1450, 8, 14, 0, 0, 1, 5, 10 
1451, 8, 14, 0, 0, 1, 5, 10 
1452, 8, 14, 0, 0, 1, 5, 15 
1453, 8, 14, 0, 0, 1, 5, 8 
1454, 8, 14, 0, 0, 1, 5, 10 
1455, 8, 14, 0, 0, 1, 5, 15 
1456, 8, 14, 0, 0, 1, 5, 15 
1457, 8, 14, 0, 0, 1, 5, 8 
1458, 8, 14, 0, 0, 1, 5, 15 
1459, 8, 14, 0, 0, 1, 5, 8 
1460, 8, 14, 0, 0, 1, 5, 15 
1461, 8, 14, 0, 0, 1, 5, 8 
1462, 8, 14, 0, 0, 1, 5, 15 
1463, 8, 14, 0, 0, 1, 5, 15 
1464, 8, 14, 0, 0, 1, 5, 15 
1465, 8, 14, 0, 0, 1, 5, 15 
1466, 8, 14, 0, 0, 1, 5, 15 
1467, 8, 14, 0, 0, 1, 5, 15 
1468, 8, 14, 0, 0, 1, 5, 8 
1469, 8, 14, 0, 0, 1, 5, 15 
1470, 8, 14, 0, 0, 1, 5, 10 
1471, 8, 14, 0, 0, 1, 5, 15 
1472, 8, 14, 0, 0, 1, 5, 15 
1473, 8, 14, 0, 0, 1, 5, 15 
1474, 8, 14, 0, 0, 1, 5, 15 
1475, 8, 14, 0, 0, 1, 5, 15 
1476, 8, 14, 0, 0, 1, 5, 10 
1477, 8, 14, 0, 0, 1, 5, 15 
1478, 8, 14, 0, 0, 1, 5, 15 
1479, 8, 14, 0, 0, 1, 5, 15 
1480, 8, 14, 0, 0, 1, 5, 15 
1481, 8, 14, 0, 0, 1, 5, 15 
1482, 8, 14, 0, 0, 1, 5, 15 
1483, 8, 14, 0, 0, 1, 5, 15 
1484, 8, 14, 0, 0, 1, 5, 10 
1485, 8, 14, 0, 0, 1, 5, 15 
1486, 8, 14, 0, 0, 1, 5, 10 
1487, 8, 14, 0, 0, 1, 5, 8 
1488, 8, 14, 0, 0, 1, 5, 8 
1489, 8, 14, 0, 0, 1, 5, 15 
1490, 8, 14, 0, 0, 1, 5, 15 
1491, 8, 14, 0, 0, 1, 5, 10 
1492, 8, 14, 0, 0, 1, 5, 15 
1493, 8, 14, 0, 0, 1, 5, 8 
1494, 8, 14, 0, 0, 1, 5, 8 
1495, 8, 14, 0, 0, 1, 5, 15 
1496, 8, 14, 0, 0, 1, 5, 10 
1497, 8, 14, 0, 0, 1, 5, 15 
1498, 8, 14, 0, 0, 1, 5, 15 
1499, 8, 14, 0, 0, 1, 5, 15 
1500, 8, 14, 0, 0, 1, 5, 15 
1501, 8, 14, 0, 0, 1, 5, 8 
1502, 8, 14, 0, 0, 1, 5, 8 
1503, 8, 14, 0, 0, 1, 5, 15 
1504, 8, 14, 0, 0, 1, 5, 10 
1505, 8, 14, 0, 0, 1, 5, 10 
1506, 8, 14, 0, 0, 1, 5, 15 
1507, 8, 14, 0, 0, 1, 5, 15 
1508, 8, 14, 0, 0, 1, 5, 15 
1509, 8, 14, 0, 0, 1, 5, 15 
1510, 8, 14, 0, 0, 1, 5, 15 
1511, 8, 14, 0, 0, 1, 5, 15 
1512, 8, 14, 0, 0, 1, 5, 15 
1513, 8, 14, 0, 0, 1, 5, 15 
1514, 8, 14, 0, 0, 1, 5, 15 
1515, 8, 14, 0, 0, 1, 5, 10 
1516, 8, 14, 0, 0, 1, 5, 10 
1517, 8, 14, 0, 0, 1, 5, 15 
1518, 8, 14, 0, 0, 1, 5, 15 
1519, 8, 14, 0, 0, 1, 5, 8 
1520, 8, 14, 0, 0, 1, 5, 15 
1521, 8, 14, 0, 0, 1, 5, 15 
1522, 8, 14, 0, 0, 1, 5, 8 
1523, 8, 14, 0, 0, 1, 5, 8 
1524, 8, 14, 0, 0, 1, 5, 15 
1525, 8, 14, 0, 0, 1, 5, 15 
1526, 8, 14, 0, 0, 1, 5, 15 
1527, 8, 14, 0, 0, 1, 5, 15 
1528, 8, 14, 0, 0, 1, 5, 15 
1529, 8, 14, 0, 0, 1, 5, 10 
1530, 8, 14, 0, 0, 1, 5, 15 
1531, 8, 14, 0, 0, 1, 5, 15 
1532, 8, 14, 0, 0, 1, 5, 8 
1533, 8, 14, 0, 0, 1, 5, 15 
1534, 8, 14, 0, 0, 1, 5, 15 
1535, 8, 14, 0, 0, 1, 5, 15 
1536, 8, 14, 0, 0, 1, 5, 15 
1537, 8, 14, 0, 0, 1, 5, 15 
1538, 8, 14, 0, 0, 1, 5, 15 
1539, 8, 14, 0, 0, 1, 5, 15 
1540, 8, 14, 0, 0, 1, 5, 8 
1541, 8, 14, 0, 0, 1, 5, 15 
1542, 8, 14, 0, 0, 1, 5, 15 
1543, 8, 14, 0, 0, 1, 5, 15 
1544, 8, 14, 0, 0, 1, 5, 15 
1545, 8, 14, 0, 0, 1, 5, 15 
1546, 8, 14, 0, 0, 1, 5, 15 
1547, 8, 14, 0, 0, 1, 5, 8 
1548, 8, 14, 0, 0, 1, 5, 10 
1549, 8, 14, 0, 0, 1, 5, 10 
1550, 8, 14, 0, 0, 1, 5, 10 
1551, 8, 14, 0, 0, 1, 5, 8 
1552, 8, 14, 0, 0, 1, 5, 8 
1553, 8, 14, 0, 0, 1, 5, 15 
1554, 8, 14, 0, 0, 1, 5, 15 
1555, 8, 14, 0, 0, 1, 5, 15 
1556, 8, 14, 0, 0, 1, 5, 15 
1557, 8, 14, 0, 0, 1, 5, 15 
1558, 8, 14, 0, 0, 1, 5, 15 
1559, 8, 14, 0, 0, 1, 5, 15 
1560, 8, 14, 0, 0, 1, 5, 8 
1561, 8, 14, 0, 0, 1, 5, 15 
1562, 8, 14, 0, 0, 1, 5, 15 
1563, 8, 14, 0, 0, 1, 5, 15 
1564, 8, 14, 0, 0, 1, 5, 8 
1565, 8, 14, 0, 0, 1, 5, 15 
1566, 8, 14, 0, 0, 1, 5, 15 
1567, 8, 14, 0, 0, 1, 5, 15 
1568, 8, 14, 0, 0, 1, 5, 15 
1569, 8, 14, 0, 0, 1, 5, 15 
1570, 8, 14, 0, 0, 1, 5, 15 
1571, 8, 14, 0, 0, 1, 5, 15 
1572, 8, 14, 0, 0, 1, 5, 15 
1573, 8, 14, 0, 0, 1, 5, 10 
1574, 8, 14, 0, 0, 1, 5, 15 
1575, 8, 14, 0, 0, 1, 5, 15 
1576, 8, 14, 0, 0, 1, 5, 15 
1577, 8, 14, 0, 0, 1, 5, 15 
1578, 8, 14, 0, 0, 1, 5, 15 
1579, 8, 14, 0, 0, 1, 5, 10 
1580, 8, 14, 0, 0, 1, 5, 10 
1581, 8, 14, 0, 0, 1, 5, 10 
1582, 8, 14, 0, 0, 1, 5, 15 
1583, 8, 14, 0, 0, 1, 5, 15 
1584, 8, 14, 0, 0, 1, 5, 15 
1585, 8, 14, 0, 0, 1, 5, 15 
1586, 8, 14, 0, 0, 1, 5, 15 
1587, 8, 14, 0, 0, 1, 5, 10 
1588, 8, 14, 0, 0, 1, 5, 8 
1589, 8, 14, 0, 0, 1, 5, 15 
1590, 8, 14, 0, 0, 1, 5, 10 
1591, 8, 14, 0, 0, 1, 5, 10 
1592, 8, 14, 0, 0, 1, 5, 15 
1593, 8, 14, 0, 0, 1, 5, 10 
1594, 8, 14, 0, 0, 1, 5, 10 
1595, 8, 14, 0, 0, 1, 5, 10 
1596, 8, 14, 0, 0, 1, 5, 15 
1597, 8, 14, 0, 0, 1, 5, 10 
1598, 8, 14, 0, 0, 1, 5, 10 
1599, 8, 14, 0, 0, 1, 5, 15 
1600, 8, 14, 0, 0, 1, 5, 15 
1601, 8, 14, 0, 0, 1, 5, 15 
1602, 8, 14, 0, 0, 1, 5, 15 
1603, 8, 14, 0, 0, 1, 5, 15 
1604, 8, 14, 0, 0, 1, 5, 15 
1605, 8, 14, 0, 0, 1, 5, 15 
1606, 8, 14, 0, 0, 1, 5, 8 
1607, 8, 14, 0, 0, 1, 5, 15 
1608, 8, 14, 0, 0, 1, 5, 8 
1609, 8, 14, 0, 0, 1, 5, 15 
1610, 8, 14, 0, 0, 1, 5, 15 
1611, 8, 14, 0, 0, 1, 5, 8 
1612, 8, 14, 0, 0, 1, 5, 15 
1613, 8, 14, 0, 0, 1, 5, 8 
1614, 8, 14, 0, 0, 1, 5, 15 
1615, 8, 14, 0, 0, 1, 5, 15 
1616, 8, 14, 0, 0, 1, 5, 15 
1617, 8, 14, 0, 0, 1, 5, 15 
1618, 8, 14, 0, 0, 1, 5, 8 
1619, 8, 14, 0, 0, 1, 5, 10 
1620, 8, 14, 0, 0, 1, 5, 15 
1621, 8, 14, 0, 0, 1, 5, 10 
1622, 8, 14, 0, 0, 1, 5, 15 
1623, 8, 14, 0, 0, 1, 5, 15 
1624, 8, 14, 0, 0, 1, 5, 15 
1625, 8, 14, 0, 0, 1, 5, 15 
1626, 8, 14, 0, 0, 1, 5, 15 
1627, 8, 14, 0, 0, 1, 5, 8 
1628, 8, 14, 0, 0, 1, 5, 15 
1629, 8, 14, 0, 0, 1, 5, 10 
1630, 8, 14, 0, 0, 1, 5, 15 
1631, 8, 14, 0, 0, 1, 5, 15 
1632, 8, 14, 0, 0, 1, 5, 15 
1633, 8, 14, 0, 0, 1, 5, 15 
1634, 8, 14, 0, 0, 1, 5, 15 
1635, 8, 14, 0, 0, 1, 5, 10 
1636, 8, 14, 0, 0, 1, 5, 15 
1637, 8, 14, 0, 0, 1, 5, 15 
1638, 8, 14, 0, 0, 1, 5, 15 
1639, 8, 14, 0, 0, 1, 5, 15 
1640, 8, 14, 0, 0, 1, 5, 15 
1641, 8, 14, 0, 0, 1, 5, 15 
1642, 8, 14, 0, 0, 1, 5, 15 
1643, 8, 14, 0, 0, 1, 5, 10 
1644, 8, 14, 0, 0, 1, 5, 15 
1645, 8, 14, 0, 0, 1, 5, 10 
1646, 8, 14, 0, 0, 1, 5, 8 
1647, 8, 14, 0, 0, 1, 5, 8 
1648, 8, 14, 0, 0, 1, 5, 15 
1649, 8, 14, 0, 0, 1, 5, 15 
1650, 8, 14, 0, 0, 1, 5, 10 
1651, 8, 14, 0, 0, 1, 5, 15 
1652, 8, 14, 0, 0, 1, 5, 8 
1653, 8, 14, 0, 0, 1, 5, 8 
1654, 8, 14, 0, 0, 1, 5, 15 
1655, 8, 14, 0, 0, 1, 5, 10 
1656, 8, 14, 0, 0, 1, 5, 15 
1657, 8, 14, 0, 0, 1, 5, 15 
1658, 8, 14, 0, 0, 1, 5, 15 
1659, 8, 14, 0, 0, 1, 5, 15 
1660, 8, 14, 0, 0, 1, 5, 8 
1661, 8, 14, 0, 0, 1, 5, 8 
1662, 8, 14, 0, 0, 1, 5, 15 
1663, 8, 14, 0, 0, 1, 5, 10 
1664, 8, 14, 0, 0, 1, 5, 10 
1665, 8, 14, 0, 0, 1, 5, 15 
1666, 8, 14, 0, 0, 1, 5, 15 
1667, 8, 14, 0, 0, 1, 5, 15 
1668, 8, 14, 0, 0, 1, 5, 15 
1669, 8, 14, 0, 0, 1, 5, 15 
1670, 8, 14, 0, 0, 1, 5, 15 
1671, 8, 14, 0, 0, 1, 5, 15 
1672, 8, 14, 0, 0, 1, 5, 15 
1673, 8, 14, 0, 0, 1, 5, 15 
1674, 8, 14, 0, 0, 1, 5, 10 
1675, 8, 14, 0, 0, 1, 5, 10 
1676, 8, 14, 0, 0, 1, 5, 15 
1677, 8, 14, 0, 0, 1, 5, 15 
1678, 8, 14, 0, 0, 1, 5, 8 
1679, 8, 14, 0, 0, 1, 5, 15 
1680, 8, 14, 0, 0, 1, 5, 15 
1681, 8, 14, 0, 0, 1, 5, 8 
1682, 8, 14, 0, 0, 1, 5, 8 
1683, 8, 14, 0, 0, 1, 5, 15 
1684, 8, 14, 0, 0, 1, 5, 15 
1685, 8, 14, 0, 0, 1, 5, 15 
1686, 8, 14, 0, 0, 1, 5, 15 
1687, 8, 14, 0, 0, 1, 5, 15 
1688, 8, 14, 0, 0, 1, 5, 10 
1689, 8, 14, 0, 0, 1, 5, 15 
1690, 8, 14, 0, 0, 1, 5, 15 
1691, 8, 14, 0, 0, 1, 5, 8 
1692, 8, 14, 0, 0, 1, 5, 15 
1693, 8, 14, 0, 0, 1, 5, 15 
1694, 8, 14, 0, 0, 1, 5, 15 
1695, 8, 14, 0, 0, 1, 5, 15 
1696, 8, 14, 0, 0, 1, 5, 15 
1697, 8, 14, 0, 0, 1, 5, 15 
1698, 8, 14, 0, 0, 1, 5, 15 
1699, 8, 14, 0, 0, 1, 5, 8 
1700, 8, 14, 0, 0, 1, 5, 15 
1701, 8, 14, 0, 0, 1, 5, 15 
1702, 8, 14, 0, 0, 1, 5, 15 
1703, 8, 14, 0, 0, 1, 5, 15 
1704, 8, 14, 0, 0, 1, 5, 15 
1705, 8, 14, 0, 0, 1, 5, 15 
1706, 8, 14, 0, 0, 1, 5, 8 
1707, 8, 14, 0, 0, 1, 5, 10 
1708, 8, 14, 0, 0, 1, 5, 10 
1709, 8, 14, 0, 0, 1, 5, 10 
1710, 8, 14, 0, 0, 1, 5, 8 
1711, 8, 14, 0, 0, 1, 5, 8 
1712, 8, 14, 0, 0, 1, 5, 15 
1713, 8, 14, 0, 0, 1, 5, 15 
1714, 8, 14, 0, 0, 1, 5, 15 
1715, 8, 14, 0, 0, 1, 5, 15 
1716, 8, 14, 0, 0, 1, 5, 15 
1717, 8, 14, 0, 0, 1, 5, 15 
1718, 8, 14, 0, 0, 1, 5, 15 
1719, 8, 14, 0, 0, 1, 5, 8 
1720, 8, 14, 0, 0, 1, 5, 15 
1721, 8, 14, 0, 0, 1, 5, 15 
1722, 8, 14, 0, 0, 1, 5, 15 
1723, 8, 14, 0, 0, 1, 5, 8 
1724, 8, 14, 0, 0, 1, 5, 15 
1725, 8, 14, 0, 0, 1, 5, 15 
1726, 8, 14, 0, 0, 1, 5, 15 
1727, 8, 14, 0, 0, 1, 5, 15 
1728, 8, 14, 0, 0, 1, 5, 15 
1729, 8, 14, 0, 0, 1, 5, 15 
1730, 8, 14, 0, 0, 1, 5, 15 
1731, 8, 14, 0, 0, 1, 5, 15 
1732, 8, 14, 0, 0, 1, 5, 10 
1733, 8, 14, 0, 0, 1, 5, 15 
1734, 8, 14, 0, 0, 1, 5, 15 
1735, 8, 14, 0, 0, 1, 5, 15 
1736, 8, 14, 0, 0, 1, 5, 15 
1737, 8, 14, 0, 0, 1, 5, 15 
1738, 8, 14, 0, 0, 1, 5, 10 
1739, 8, 14, 0, 0, 1, 5, 10 
1740, 8, 14, 0, 0, 1, 5, 10 
1741, 8, 14, 0, 0, 1, 5, 15 
1742, 8, 14, 0, 0, 1, 5, 15 
1743, 8, 14, 0, 0, 1, 5, 15 
1744, 8, 14, 0, 0, 1, 5, 15 
1745, 8, 14, 0, 0, 1, 5, 15 
1746, 8, 14, 0, 0, 1, 5, 15 
1747, 8, 14, 0, 0, 1, 5, 15 
1748, 8, 14, 0, 0, 1, 5, 15 
1749, 8, 14, 0, 0, 1, 5, 8 
1750, 8, 14, 0, 0, 1, 5, 15 
1751, 8, 14, 0, 0, 1, 5, 8 
1752, 8, 14, 0, 0, 1, 5, 15 
1753, 8, 14, 0, 0, 1, 5, 15 
1754, 8, 14, 0, 0, 1, 5, 8 
1755, 8, 14, 0, 0, 1, 5, 15 
1756, 8, 14, 0, 0, 1, 5, 8 
1757, 8, 14, 0, 0, 1, 5, 15 
1758, 8, 14, 0, 0, 1, 5, 15 
1759, 8, 14, 0, 0, 1, 5, 15 
1760, 8, 14, 0, 0, 1, 5, 15 
1761, 8, 14, 0, 0, 1, 5, 15 
1762, 8, 14, 0, 0, 1, 5, 8 
1763, 8, 14, 0, 0, 1, 5, 8 
1764, 8, 14, 0, 0, 1, 5, 8 
1765, 8, 14, 0, 0, 1, 5, 15 
1766, 8, 14, 0, 0, 1, 5, 15 
1767, 8, 14, 0, 0, 1, 5, 10 
1768, 8, 14, 0, 0, 1, 5, 10 
1769, 8, 14, 0, 0, 1, 5, 8 
1770, 8, 14, 0, 0, 1, 5, 15 
1771, 8, 14, 0, 0, 1, 5, 15 
1772, 8, 14, 0, 0, 1, 5, 15 
1773, 8, 14, 0, 0, 1, 5, 10 
1774, 8, 14, 0, 0, 1, 5, 15 
1775, 8, 14, 0, 0, 1, 5, 10 
1776, 8, 14, 0, 0, 1, 5, 15 
1777, 8, 14, 0, 0, 1, 5, 15 
1778, 8, 14, 0, 0, 1, 5, 8 
1779, 8, 14, 0, 0, 1, 5, 15 
1780, 8, 14, 0, 0, 1, 5, 15 
1781, 8, 14, 0, 0, 1, 5, 8 
1782, 8, 14, 0, 0, 1, 5, 15 
1783, 8, 14, 0, 0, 1, 5, 15 
1784, 8, 14, 0, 0, 1, 5, 15 
1785, 8, 14, 0, 0, 1, 5, 15 
1786, 8, 14, 0, 0, 1, 5, 10 
1787, 8, 14, 0, 0, 1, 5, 15 
1788, 8, 14, 0, 0, 1, 5, 15 
1789, 8, 14, 0, 0, 1, 5, 15 
1790, 8, 14, 0, 0, 1, 5, 15 
1791, 8, 14, 0, 0, 1, 5, 10 
1792, 8, 14, 0, 0, 1, 5, 15 
1793, 8, 14, 0, 0, 1, 5, 15 
1794, 8, 14, 0, 0, 1, 5, 10 
1795, 8, 14, 0, 0, 1, 5, 15 
1796, 8, 14, 0, 0, 1, 5, 8 
1797, 8, 14, 0, 0, 1, 5, 15 
1798, 8, 14, 0, 0, 1, 5, 15 
1799, 8, 14, 0, 0, 1, 5, 8 
1800, 8, 14, 0, 0, 1, 5, 8 
1801, 8, 14, 0, 0, 1, 5, 15 
1802, 8, 14, 0, 0, 1, 5, 15 
1803, 8, 14, 0, 0, 1, 5, 15 
1804, 8, 14, 0, 0, 1, 5, 15 
1805, 8, 14, 0, 0, 1, 5, 10 
1806, 8, 14, 0, 0, 1, 5, 10 
1807, 8, 14, 0, 0, 1, 5, 15 
1808, 8, 14, 0, 0, 1, 5, 15 
1809, 8, 14, 0, 0, 1, 5, 15 
1810, 8, 14, 0, 0, 1, 5, 10 
1811, 8, 14, 0, 0, 1, 5, 8 
1812, 8, 14, 0, 0, 1, 5, 15 
1813, 8, 14, 0, 0, 1, 5, 10 
1814, 8, 14, 0, 0, 1, 5, 15 
1815, 8, 14, 0, 0, 1, 5, 8 
1816, 8, 14, 0, 0, 1, 5, 8 
1817, 8, 14, 0, 0, 1, 5, 8 
1818, 8, 14, 0, 0, 1, 5, 15 
1819, 8, 14, 0, 0, 1, 5, 15 
1820, 8, 14, 0, 0, 1, 5, 15 
1821, 8, 14, 0, 0, 1, 5, 8 
1822, 8, 14, 0, 0, 1, 5, 15 
1823, 8, 14, 0, 0, 1, 5, 15 
1824, 8, 14, 0, 0, 1, 5, 15 
1825, 8, 14, 0, 0, 1, 5, 15 
1826, 8, 14, 0, 0, 1, 5, 15 
1827, 8, 14, 0, 0, 1, 5, 15 
1828, 8, 14, 0, 0, 1, 5, 8 
1829, 8, 14, 0, 0, 1, 5, 15 
1830, 8, 14, 0, 0, 1, 5, 10 
1831, 8, 14, 0, 0, 1, 5, 10 
1832, 8, 14, 0, 0, 1, 5, 15 
1833, 8, 14, 0, 0, 1, 5, 8 
1834, 8, 14, 0, 0, 1, 5, 15 
1835, 8, 14, 0, 0, 1, 5, 10 
1836, 8, 14, 0, 0, 1, 5, 15 
1837, 8, 14, 0, 0, 1, 5, 10 
1838, 8, 14, 0, 0, 1, 5, 15 
1839, 8, 14, 0, 0, 1, 5, 15 
1840, 8, 14, 0, 0, 1, 5, 15 
1841, 8, 14, 0, 0, 1, 5, 15 
1842, 8, 14, 0, 0, 1, 5, 10 
1843, 8, 14, 0, 0, 1, 5, 10 
1844, 8, 14, 0, 0, 1, 5, 15 
1845, 8, 14, 0, 0, 1, 5, 8 
1846, 8, 14, 0, 0, 1, 5, 15 
1847, 8, 14, 0, 0, 1, 5, 15 
1848, 8, 14, 0, 0, 1, 5, 15 
1849, 8, 14, 0, 0, 1, 5, 15 
1850, 8, 14, 0, 0, 1, 5, 15 
1851, 8, 14, 0, 0, 1, 5, 15 
1852, 8, 14, 0, 0, 1, 5, 15 
1853, 8, 14, 0, 0, 1, 5, 15 
1854, 8, 14, 0, 0, 1, 5, 15 
1855, 8, 14, 0, 0, 1, 5, 15 
1856, 8, 14, 0, 0, 1, 5, 15 
1857, 8, 14, 0, 0, 1, 5, 15 
1858, 8, 14, 0, 0, 1, 5, 15 
1859, 8, 14, 0, 0, 1, 5, 15 
1860, 8, 14, 0, 0, 1, 5, 15 
1861, 8, 14, 0, 0, 1, 5, 15 
1862, 8, 14, 0, 0, 1, 5, 10 
1863, 8, 14, 0, 0, 1, 5, 15 
1864, 8, 14, 0, 0, 1, 5, 15 
1865, 8, 14, 0, 0, 1, 5, 15 
1866, 8, 14, 0, 0, 1, 5, 10 
1867, 8, 14, 0, 0, 1, 5, 15 
1868, 8, 14, 0, 0, 1, 5, 10 
1869, 8, 14, 0, 0, 1, 5, 15 
1870, 8, 14, 0, 0, 1, 5, 15 
1871, 8, 14, 0, 0, 1, 5, 8 
1872, 8, 14, 0, 0, 1, 5, 15 
1873, 8, 14, 0, 0, 1, 5, 15 
1874, 8, 14, 0, 0, 1, 5, 8 
1875, 8, 14, 0, 0, 1, 5, 15 
1876, 8, 14, 0, 0, 1, 5, 15 
1877, 8, 14, 0, 0, 1, 5, 15 
1878, 8, 14, 0, 0, 1, 5, 15 
1879, 8, 14, 0, 0, 1, 5, 10 
1880, 8, 14, 0, 0, 1, 5, 15 
1881, 8, 14, 0, 0, 1, 5, 15 
1882, 8, 14, 0, 0, 1, 5, 15 
1883, 8, 14, 0, 0, 1, 5, 15 
1884, 8, 14, 0, 0, 1, 5, 10 
1885, 8, 14, 0, 0, 1, 5, 15 
1886, 8, 14, 0, 0, 1, 5, 15 
1887, 8, 14, 0, 0, 1, 5, 10 
1888, 8, 14, 0, 0, 1, 5, 15 
1889, 8, 14, 0, 0, 1, 5, 8 
1890, 8, 14, 0, 0, 1, 5, 15 
1891, 8, 14, 0, 0, 1, 5, 15 
1892, 8, 14, 0, 0, 1, 5, 8 
1893, 8, 14, 0, 0, 1, 5, 8 
1894, 8, 14, 0, 0, 1, 5, 15 
1895, 8, 14, 0, 0, 1, 5, 15 
1896, 8, 14, 0, 0, 1, 5, 15 
1897, 8, 14, 0, 0, 1, 5, 15 
1898, 8, 14, 0, 0, 1, 5, 10 
1899, 8, 14, 0, 0, 1, 5, 10 
1900, 8, 14, 0, 0, 1, 5, 15 
1901, 8, 14, 0, 0, 1, 5, 15 
1902, 8, 14, 0, 0, 1, 5, 15 
1903, 8, 14, 0, 0, 1, 5, 10 
1904, 8, 14, 0, 0, 1, 5, 8 
1905, 8, 14, 0, 0, 1, 5, 15 
1906, 8, 14, 0, 0, 1, 5, 10 
1907, 8, 14, 0, 0, 1, 5, 15 
1908, 8, 14, 0, 0, 1, 5, 8 
1909, 8, 14, 0, 0, 1, 5, 8 
1910, 8, 14, 0, 0, 1, 5, 8 
1911, 8, 14, 0, 0, 1, 5, 15 
1912, 8, 14, 0, 0, 1, 5, 15 
1913, 8, 14, 0, 0, 1, 5, 15 
1914, 8, 14, 0, 0, 1, 5, 8 
1915, 8, 14, 0, 0, 1, 5, 15 
1916, 8, 14, 0, 0, 1, 5, 15 
1917, 8, 14, 0, 0, 1, 5, 15 
1918, 8, 14, 0, 0, 1, 5, 15 
1919, 8, 14, 0, 0, 1, 5, 15 
1920, 8, 14, 0, 0, 1, 5, 15 
1921, 8, 14, 0, 0, 1, 5, 8 
1922, 8, 14, 0, 0, 1, 5, 15 
1923, 8, 14, 0, 0, 1, 5, 10 
1924, 8, 14, 0, 0, 1, 5, 10 
1925, 8, 14, 0, 0, 1, 5, 15 
1926, 8, 14, 0, 0, 1, 5, 8 
1927, 8, 14, 0, 0, 1, 5, 15 
1928, 8, 14, 0, 0, 1, 5, 10 
1929, 8, 14, 0, 0, 1, 5, 15 
1930, 8, 14, 0, 0, 1, 5, 10 
1931, 8, 14, 0, 0, 1, 5, 15 
1932, 8, 14, 0, 0, 1, 5, 15 
1933, 8, 14, 0, 0, 1, 5, 15 
1934, 8, 14, 0, 0, 1, 5, 15 
1935, 8, 14, 0, 0, 1, 5, 10 
1936, 8, 14, 0, 0, 1, 5, 10 
1937, 8, 14, 0, 0, 1, 5, 15 
1938, 8, 14, 0, 0, 1, 5, 15 
1939, 8, 14, 0, 0, 1, 5, 15 
1940, 8, 14, 0, 0, 1, 5, 15 
1941, 8, 14, 0, 0, 1, 5, 15 
1942, 8, 14, 0, 0, 1, 5, 8 
1943, 8, 14, 0, 0, 1, 5, 8 
1944, 8, 14, 0, 0, 1, 5, 10 
1945, 8, 14, 0, 0, 1, 5, 8 
1946, 8, 14, 0, 0, 1, 5, 15 
1947, 8, 14, 0, 0, 1, 5, 15 
1948, 8, 14, 0, 0, 1, 5, 15 
1949, 8, 14, 0, 0, 1, 5, 15 
1950, 8, 14, 0, 0, 1, 5, 15 
1951, 8, 14, 0, 0, 1, 5, 15 
1952, 8, 14, 0, 0, 1, 5, 10 
1953, 8, 14, 0, 0, 1, 5, 15 
1954, 8, 14, 0, 0, 1, 5, 15 
1955, 8, 14, 0, 0, 1, 5, 8 
1956, 8, 14, 0, 0, 1, 5, 15 
1957, 8, 14, 0, 0, 1, 5, 8 
1958, 8, 14, 0, 0, 1, 5, 10 
1959, 8, 14, 0, 0, 1, 5, 15 
1960, 8, 14, 0, 0, 1, 5, 15 
1961, 8, 14, 0, 0, 1, 5, 15 
1962, 8, 14, 0, 0, 1, 5, 15 
1963, 8, 14, 0, 0, 1, 5, 8 
1964, 8, 14, 0, 0, 1, 5, 15 
1965, 8, 14, 0, 0, 1, 5, 15 
1966, 8, 14, 0, 0, 1, 5, 8 
1967, 8, 14, 0, 0, 1, 5, 15 
1968, 8, 14, 0, 0, 1, 5, 15 
1969, 8, 14, 0, 0, 1, 5, 8 
1970, 8, 14, 0, 0, 1, 5, 8 
1971, 8, 14, 0, 0, 1, 5, 15 
1972, 8, 14, 0, 0, 1, 5, 15 
1973, 8, 14, 0, 0, 1, 5, 15 
1974, 8, 14, 0, 0, 1, 5, 15 
1975, 8, 14, 0, 0, 1, 5, 15 
1976, 8, 14, 0, 0, 1, 5, 10 
1977, 8, 14, 0, 0, 1, 5, 15 
1978, 8, 14, 0, 0, 1, 5, 10 
1979, 8, 14, 0, 0, 1, 5, 15 
1980, 8, 14, 0, 0, 1, 5, 10 
1981, 8, 14, 0, 0, 1, 5, 15 
1982, 8, 14, 0, 0, 1, 5, 15 
1983, 8, 14, 0, 0, 1, 5, 8 
1984, 8, 14, 0, 0, 1, 5, 15 
1985, 8, 14, 0, 0, 1, 5, 8 
1986, 8, 14, 0, 0, 1, 5, 15 
1987, 8, 14, 0, 0, 1, 5, 15 
1988, 8, 14, 0, 0, 1, 5, 15 
1989, 8, 14, 0, 0, 1, 5, 15 
1990, 8, 14, 0, 0, 1, 5, 10 
1991, 8, 14, 0, 0, 1, 5, 15 
1992, 8, 14, 0, 0, 1, 5, 15 
1993, 8, 14, 0, 0, 1, 5, 15 
1994, 8, 14, 0, 0, 1, 5, 15 
1995, 8, 14, 0, 0, 1, 5, 8 
1996, 8, 14, 0, 0, 1, 5, 10 
1997, 8, 14, 0, 0, 1, 5, 15 
1998, 8, 14, 0, 0, 1, 5, 10 
1999, 8, 14, 0, 0, 1, 5, 10 
2000, 8, 14, 0, 0, 1, 5, 15 
2001, 8, 14, 0, 0, 1, 5, 15 
2002, 8, 14, 0, 0, 1, 5, 15 
2003, 8, 14, 0, 0, 1, 5, 8 
2004, 8, 14, 0, 0, 1, 5, 8 
2005, 8, 14, 0, 0, 1, 5, 15 
2006, 8, 14, 0, 0, 1, 5, 8 
2007, 8, 14, 0, 0, 1, 5, 15 
2008, 8, 14, 0, 0, 1, 5, 8 
2009, 8, 14, 0, 0, 1, 5, 15 
2010, 8, 14, 0, 0, 1, 5, 8 
2011, 8, 14, 0, 0, 1, 5, 15 
2012, 8, 14, 0, 0, 1, 5, 15 
2013, 8, 14, 0, 0, 1, 5, 15 
2014, 8, 14, 0, 0, 1, 5, 10 
2015, 8, 14, 0, 0, 1, 5, 15 
2016, 8, 14, 0, 0, 1, 5, 15 
2017, 8, 14, 0, 0, 1, 5, 15 
2018, 8, 14, 0, 0, 1, 5, 15 
2019, 8, 14, 0, 0, 1, 5, 15 
2020, 8, 14, 0, 0, 1, 5, 15 
2021, 8, 14, 0, 0, 1, 5, 8 
2022, 8, 14, 0, 0, 1, 5, 10 
2023, 8, 14, 0, 0, 1, 5, 15 
2024, 8, 14, 0, 0, 1, 5, 15 
2025, 8, 14, 0, 0, 1, 5, 15 
2026, 8, 14, 0, 0, 1, 5, 15 
2027, 8, 14, 0, 0, 1, 5, 15 
2028, 8, 14, 0, 0, 1, 5, 8 
2029, 8, 14, 0, 0, 1, 5, 15 
2030, 8, 14, 0, 0, 1, 5, 8 
2031, 8, 14, 0, 0, 1, 5, 15 
2032, 8, 14, 0, 0, 1, 5, 15 
2033, 8, 14, 0, 0, 1, 5, 8 
2034, 8, 14, 0, 0, 1, 5, 10 
2035, 8, 14, 0, 0, 1, 5, 10 
2036, 8, 14, 0, 0, 1, 5, 15 
2037, 8, 14, 0, 0, 1, 5, 15 
2038, 8, 14, 0, 0, 1, 5, 15 
2039, 8, 14, 0, 0, 1, 5, 15 
2040, 8, 14, 0, 0, 1, 5, 15 
2041, 8, 14, 0, 0, 1, 5, 15 
2042, 8, 14, 0, 0, 1, 5, 15 
2043, 8, 14, 0, 0, 1, 5, 10 
2044, 8, 14, 0, 0, 1, 5, 15 
2045, 8, 14, 0, 0, 1, 5, 8 
2046, 8, 14, 0, 0, 1, 5, 8 
2047, 8, 14, 0, 0, 1, 5, 15 
2048, 8, 14, 0, 0, 1, 5, 8 
2049, 8, 14, 0, 0, 1, 5, 15 
2050, 8, 14, 0, 0, 1, 5, 15 
2051, 8, 14, 0, 0, 1, 5, 8 
2052, 8, 14, 0, 0, 1, 5, 10 
2053, 8, 14, 0, 0, 1, 5, 10 
2054, 8, 14, 0, 0, 1, 5, 15 
2055, 8, 14, 0, 0, 1, 5, 15 
2056, 8, 14, 0, 0, 1, 5, 15 
2057, 8, 14, 0, 0, 1, 5, 15 
2058, 8, 14, 0, 0, 1, 5, 10 
2059, 8, 14, 0, 0, 1, 5, 10 
2060, 8, 14, 0, 0, 1, 5, 10 
2061, 8, 14, 0, 0, 1, 5, 15 
2062, 8, 14, 0, 0, 1, 5, 15 
2063, 8, 14, 0, 0, 1, 5, 15 
2064, 8, 14, 0, 0, 1, 5, 15 
2065, 8, 14, 0, 0, 1, 5, 15 
2066, 8, 14, 0, 0, 1, 5, 15 
2067, 8, 14, 0, 0, 1, 5, 15 
2068, 8, 14, 0, 0, 1, 5, 8 
2069, 8, 14, 0, 0, 1, 5, 15 
2070, 8, 14, 0, 0, 1, 5, 15 
2071, 8, 14, 0, 0, 1, 5, 15 
2072, 8, 14, 0, 0, 1, 5, 15 
2073, 8, 14, 0, 0, 1, 5, 8 
2074, 8, 14, 0, 0, 1, 5, 15 
2075, 8, 14, 0, 0, 1, 5, 15 
2076, 8, 14, 0, 0, 1, 5, 15 
2077, 8, 14, 0, 0, 1, 5, 15 
2078, 8, 14, 0, 0, 1, 5, 15 
2079, 8, 14, 0, 0, 1, 5, 10 
2080, 8, 14, 0, 0, 1, 5, 10 
2081, 8, 14, 0, 0, 1, 5, 10 
2082, 8, 14, 0, 0, 1, 5, 15 
2083, 8, 14, 0, 0, 1, 5, 8 
2084, 8, 14, 0, 0, 1, 5, 15 
2085, 8, 14, 0, 0, 1, 5, 8 
2086, 8, 14, 0, 0, 1, 5, 8 
2087, 8, 14, 0, 0, 1, 5, 15 
2088, 8, 14, 0, 0, 1, 5, 10 
2089, 8, 14, 0, 0, 1, 5, 15 
2090, 8, 14, 0, 0, 1, 5, 15 
2091, 8, 14, 0, 0, 1, 5, 8 
2092, 8, 14, 0, 0, 1, 5, 15 
2093, 8, 14, 0, 0, 1, 5, 15 
2094, 8, 14, 0, 0, 1, 5, 15 
2095, 8, 14, 0, 0, 1, 5, 15 
2096, 8, 14, 0, 0, 1, 5, 15 
2097, 8, 14, 0, 0, 1, 5, 10 
2098, 8, 14, 0, 0, 1, 5, 8 
2099, 8, 14, 0, 0, 1, 5, 8 
2100, 8, 14, 0, 0, 1, 5, 10 
2101, 8, 14, 0, 0, 1, 5, 10 
2102, 8, 14, 0, 0, 1, 5, 15 
2103, 8, 14, 0, 0, 1, 5, 15 
2104, 8, 14, 0, 0, 1, 5, 15 
2105, 8, 14, 0, 0, 1, 5, 8 
2106, 8, 14, 0, 0, 1, 5, 15 
2107, 8, 14, 0, 0, 1, 5, 15 
2108, 8, 14, 0, 0, 1, 5, 15 
2109, 8, 14, 0, 0, 1, 5, 15 
2110, 8, 14, 0, 0, 1, 5, 15 
2111, 8, 14, 0, 0, 1, 5, 15 
2112, 8, 14, 0, 0, 1, 5, 15 
2113, 8, 14, 0, 0, 1, 5, 8 
2114, 8, 14, 0, 0, 1, 5, 15 
2115, 8, 14, 0, 0, 1, 5, 15 
2116, 8, 14, 0, 0, 1, 5, 8 
2117, 8, 14, 0, 0, 1, 5, 8 
2118, 8, 14, 0, 0, 1, 5, 15 
2119, 8, 14, 0, 0, 1, 5, 15 
2120, 8, 14, 0, 0, 1, 5, 15 
2121, 8, 14, 0, 0, 1, 5, 8 
2122, 8, 14, 0, 0, 1, 5, 10 
2123, 8, 14, 0, 0, 1, 5, 15 
2124, 8, 14, 0, 0, 1, 5, 10 
2125, 8, 14, 0, 0, 1, 5, 15 
2126, 8, 14, 0, 0, 1, 5, 15 
2127, 8, 14, 0, 0, 1, 5, 10 
2128, 8, 14, 0, 0, 1, 5, 10 
2129, 8, 14, 0, 0, 1, 5, 15 
2130, 8, 14, 0, 0, 1, 5, 15 
2131, 8, 14, 0, 0, 1, 5, 8 
2132, 8, 14, 0, 0, 1, 5, 15 
2133, 8, 14, 0, 0, 1, 5, 15 
2134, 8, 14, 0, 0, 1, 5, 15 
2135, 8, 14, 0, 0, 1, 5, 8 
2136, 8, 14, 0, 0, 1, 5, 15 
2137, 8, 14, 0, 0, 1, 5, 8 
2138, 8, 14, 0, 0, 1, 5, 10 
2139, 8, 14, 0, 0, 1, 5, 10 
2140, 8, 14, 0, 0, 1, 5, 15 
2141, 8, 14, 0, 0, 1, 5, 8 
2142, 8, 14, 0, 0, 1, 5, 8 
2143, 8, 14, 0, 0, 1, 5, 8 
2144, 8, 14, 0, 0, 1, 5, 15 
2145, 8, 14, 0, 0, 1, 5, 10 
2146, 8, 14, 0, 0, 1, 5, 15 
2147, 8, 14, 0, 0, 1, 5, 15 
2148, 8, 14, 0, 0, 1, 5, 15 
2149, 8, 14, 0, 0, 1, 5, 15 
2150, 8, 14, 0, 0, 1, 5, 15 
2151, 8, 14, 0, 0, 1, 5, 15 
2152, 8, 14, 0, 0, 1, 5, 15 
2153, 8, 14, 0, 0, 1, 5, 8 
2154, 8, 14, 0, 0, 1, 5, 15 
2155, 8, 14, 0, 0, 1, 5, 15 
2156, 8, 14, 0, 0, 1, 5, 15 
2157, 8, 14, 0, 0, 1, 5, 8 
2158, 8, 14, 0, 0, 1, 5, 15 
2159, 8, 14, 0, 0, 1, 5, 10 
2160, 8, 14, 0, 0, 1, 5, 15 
2161, 8, 14, 0, 0, 1, 5, 10 
2162, 8, 14, 0, 0, 1, 5, 15 
2163, 8, 14, 0, 0, 1, 5, 15 
2164, 8, 14, 0, 0, 1, 5, 8 
2165, 8, 14, 0, 0, 1, 5, 15 
2166, 8, 14, 0, 0, 1, 5, 15 
2167, 8, 14, 0, 0, 1, 5, 15 
2168, 8, 14, 0, 0, 1, 5, 8 
2169, 8, 14, 0, 0, 1, 5, 8 
2170, 8, 14, 0, 0, 1, 5, 15 
2171, 8, 14, 0, 0, 1, 5, 15 
2172, 8, 14, 0, 0, 1, 5, 15 
2173, 8, 14, 0, 0, 1, 5, 8 
2174, 8, 14, 0, 0, 1, 5, 15 
2175, 8, 14, 0, 0, 1, 5, 8 
2176, 8, 14, 0, 0, 1, 5, 15 
2177, 8, 14, 0, 0, 1, 5, 15 
2178, 8, 14, 0, 0, 1, 5, 15 
2179, 8, 14, 0, 0, 1, 5, 10 
2180, 8, 14, 0, 0, 1, 5, 15 
2181, 8, 14, 0, 0, 1, 5, 8 
2182, 8, 14, 0, 0, 1, 5, 15 
2183, 8, 14, 0, 0, 1, 5, 15 
2184, 8, 14, 0, 0, 1, 5, 15 
2185, 8, 14, 0, 0, 1, 5, 15 
2186, 8, 14, 0, 0, 1, 5, 15 
2187, 8, 14, 0, 0, 1, 5, 8 
2188, 8, 14, 0, 0, 1, 5, 15 
2189, 8, 14, 0, 0, 1, 5, 15 
2190, 8, 14, 0, 0, 1, 5, 8 
2191, 8, 14, 0, 0, 1, 5, 15 
2192, 8, 14, 0, 0, 1, 5, 15 
2193, 8, 14, 0, 0, 1, 5, 15 
2194, 8, 14, 0, 0, 1, 5, 15 
2195, 8, 14, 0, 0, 1, 5, 15 
2196, 8, 14, 0, 0, 1, 5, 15 
2197, 8, 14, 0, 0, 1, 5, 15 
2198, 8, 14, 0, 0, 1, 5, 15 
2199, 8, 14, 0, 0, 1, 5, 15 
2200, 8, 14, 0, 0, 1, 5, 10 
2201, 8, 14, 0, 0, 1, 5, 8 
2202, 8, 14, 0, 0, 1, 5, 8 
2203, 8, 14, 0, 0, 1, 5, 15 
2204, 8, 14, 0, 0, 1, 5, 15 
2205, 8, 14, 0, 0, 1, 5, 10 
2206, 8, 14, 0, 0, 1, 5, 8 
2207, 8, 14, 0, 0, 1, 5, 15 
2208, 8, 14, 0, 0, 1, 5, 15 
2209, 8, 14, 0, 0, 1, 5, 15 
2210, 8, 14, 0, 0, 1, 5, 15 
2211, 8, 14, 0, 0, 1, 5, 10 
2212, 8, 14, 0, 0, 1, 5, 15 
2213, 8, 14, 0, 0, 1, 5, 15 
2214, 8, 14, 0, 0, 1, 5, 15 
2215, 8, 14, 0, 0, 1, 5, 8 
2216, 8, 14, 0, 0, 1, 5, 15 
2217, 8, 14, 0, 0, 1, 5, 15 
2218, 8, 14, 0, 0, 1, 5, 15 
2219, 8, 14, 0, 0, 1, 5, 10 
2220, 8, 14, 0, 0, 1, 5, 15 
2221, 8, 14, 0, 0, 1, 5, 15 
2222, 8, 14, 0, 0, 1, 5, 15 
2223, 8, 14, 0, 0, 1, 5, 15 
2224, 8, 14, 0, 0, 1, 5, 10 
2225, 8, 14, 0, 0, 1, 5, 15 
2226, 8, 14, 0, 0, 1, 5, 8 
2227, 8, 14, 0, 0, 1, 5, 15 
2228, 8, 14, 0, 0, 1, 5, 15 
2229, 8, 14, 0, 0, 1, 5, 15 
2230, 8, 14, 0, 0, 1, 5, 8 
2231, 8, 14, 0, 0, 1, 5, 15 
2232, 8, 14, 0, 0, 1, 5, 8 
2233, 8, 14, 0, 0, 1, 5, 15 
2234, 8, 14, 0, 0, 1, 5, 15 
2235, 8, 14, 0, 0, 1, 5, 10 
2236, 8, 14, 0, 0, 1, 5, 10 
2237, 8, 14, 0, 0, 1, 5, 15 
2238, 8, 14, 0, 0, 1, 5, 8 
2239, 8, 14, 0, 0, 1, 5, 10 
2240, 8, 14, 0, 0, 1, 5, 10 
2241, 8, 14, 0, 0, 1, 5, 10 
2242, 8, 14, 0, 0, 1, 5, 10 
2243, 8, 14, 0, 0, 1, 5, 15 
2244, 8, 14, 0, 0, 1, 5, 15 
2245, 8, 14, 0, 0, 1, 5, 15 
2246, 8, 14, 0, 0, 1, 5, 15 
2247, 8, 14, 0, 0, 1, 5, 10 
2248, 8, 14, 0, 0, 1, 5, 15 
2249, 8, 14, 0, 0, 1, 5, 15 
2250, 8, 14, 0, 0, 1, 5, 8 
2251, 8, 14, 0, 0, 1, 5, 8 
2252, 8, 14, 0, 0, 1, 5, 10 
2253, 8, 14, 0, 0, 1, 5, 15 
2254, 8, 14, 0, 0, 1, 5, 10 
2255, 8, 14, 0, 0, 1, 5, 15 
2256, 8, 14, 0, 0, 1, 5, 15 
2257, 8, 14, 0, 0, 1, 5, 8 
2258, 8, 14, 0, 0, 1, 5, 15 
2259, 8, 14, 0, 0, 1, 5, 15 
2260, 8, 14, 0, 0, 1, 5, 8 
2261, 8, 14, 0, 0, 1, 5, 15 
2262, 8, 14, 0, 0, 1, 5, 8 
2263, 8, 14, 0, 0, 1, 5, 15 
2264, 8, 14, 0, 0, 1, 5, 15 
2265, 8, 14, 0, 0, 1, 5, 15 
2266, 8, 14, 0, 0, 1, 5, 15 
2267, 8, 14, 0, 0, 1, 5, 15 
2268, 8, 14, 0, 0, 1, 5, 15 
2269, 8, 14, 0, 0, 1, 5, 15 
2270, 8, 14, 0, 0, 1, 5, 15 
2271, 8, 14, 0, 0, 1, 5, 15 
2272, 8, 14, 0, 0, 1, 5, 15 
2273, 8, 14, 0, 0, 1, 5, 15 
2274, 8, 14, 0, 0, 1, 5, 8 
2275, 8, 14, 0, 0, 1, 5, 8 
2276, 8, 14, 0, 0, 1, 5, 10 
2277, 8, 14, 0, 0, 1, 5, 10 
2278, 8, 14, 0, 0, 1, 5, 15 
2279, 8, 14, 0, 0, 1, 5, 10 
2280, 8, 14, 0, 0, 1, 5, 15 
2281, 8, 14, 0, 0, 1, 5, 10 
2282, 8, 14, 0, 0, 1, 5, 8 
2283, 8, 14, 0, 0, 1, 5, 15 
2284, 8, 14, 0, 0, 1, 5, 8 
2285, 8, 14, 0, 0, 1, 5, 8 
2286, 8, 14, 0, 0, 1, 5, 8 
2287, 8, 14, 0, 0, 1, 5, 15 
2288, 8, 14, 0, 0, 1, 5, 15 
2289, 8, 14, 0, 0, 1, 5, 10 
2290, 8, 14, 0, 0, 1, 5, 15 
2291, 8, 14, 0, 0, 1, 5, 15 
2292, 8, 14, 0, 0, 1, 5, 15 
2293, 8, 14, 0, 0, 1, 5, 10 
2294, 8, 14, 0, 0, 1, 5, 15 
2295, 8, 14, 0, 0, 1, 5, 15 
2296, 8, 14, 0, 0, 1, 5, 15 
2297, 8, 14, 0, 0, 1, 5, 15 
2298, 8, 14, 0, 0, 1, 5, 8 
2299, 8, 14, 0, 0, 1, 5, 8 
2300, 8, 14, 0, 0, 1, 5, 15 
2301, 8, 14, 0, 0, 1, 5, 15 
2302, 8, 14, 0, 0, 1, 5, 8 
2303, 8, 14, 0, 0, 1, 5, 8 
2304, 8, 14, 0, 0, 1, 5, 15 
2305, 8, 14, 0, 0, 1, 5, 8 
2306, 8, 14, 0, 0, 1, 5, 15 
2307, 8, 14, 0, 0, 1, 5, 15 
2308, 8, 14, 0, 0, 1, 5, 15 
2309, 8, 14, 0, 0, 1, 5, 15 
2310, 8, 14, 0, 0, 1, 5, 10 
2311, 8, 14, 0, 0, 1, 5, 8 
2312, 8, 14, 0, 0, 1, 5, 8 
2313, 8, 14, 0, 0, 1, 5, 8 
2314, 8, 14, 0, 0, 1, 5, 15 
2315, 8, 14, 0, 0, 1, 5, 8 
2316, 8, 14, 0, 0, 1, 5, 15 
2317, 8, 14, 0, 0, 1, 5, 15 
2318, 8, 14, 0, 0, 1, 5, 8 
2319, 8, 14, 0, 0, 1, 5, 10 
2320, 8, 14, 0, 0, 1, 5, 15 
2321, 8, 14, 0, 0, 1, 5, 8 
2322, 8, 14, 0, 0, 1, 5, 15 
2323, 8, 14, 0, 0, 1, 5, 15 
2324, 8, 14, 0, 0, 1, 5, 15 
2325, 8, 14, 0, 0, 1, 5, 8 
2326, 8, 14, 0, 0, 1, 5, 15 
2327, 8, 14, 0, 0, 1, 5, 8 
2328, 8, 14, 0, 0, 1, 5, 10 
2329, 8, 14, 0, 0, 1, 5, 10 
2330, 8, 14, 0, 0, 1, 5, 15 
2331, 8, 14, 0, 0, 1, 5, 15 
2332, 8, 14, 0, 0, 1, 5, 15 
2333, 8, 14, 0, 0, 1, 5, 15 
2334, 8, 14, 0, 0, 1, 5, 15 
2335, 8, 14, 0, 0, 1, 5, 15 
2336, 8, 14, 0, 0, 1, 5, 15 
2337, 8, 14, 0, 0, 1, 5, 8 
2338, 8, 14, 0, 0, 1, 5, 15 
2339, 8, 14, 0, 0, 1, 5, 15 
2340, 8, 14, 0, 0, 1, 5, 15 
2341, 8, 14, 0, 0, 1, 5, 8 
2342, 8, 14, 0, 0, 1, 5, 15 
2343, 8, 14, 0, 0, 1, 5, 15 
2344, 8, 14, 0, 0, 1, 5, 15 
2345, 8, 14, 0, 0, 1, 5, 15 
2346, 8, 14, 0, 0, 1, 5, 8 
2347, 8, 14, 0, 0, 1, 5, 15 
2348, 8, 14, 0, 0, 1, 5, 10 
2349, 8, 14, 0, 0, 1, 5, 10 
2350, 8, 14, 0, 0, 1, 5, 10 
2351, 8, 14, 0, 0, 1, 5, 8 
2352, 8, 14, 0, 0, 1, 5, 15 
2353, 8, 14, 0, 0, 1, 5, 15 
2354, 8, 14, 0, 0, 1, 5, 10 
2355, 8, 14, 0, 0, 1, 5, 15 
2356, 8, 14, 0, 0, 1, 5, 15 
2357, 8, 14, 0, 0, 1, 5, 15 
2358, 8, 14, 0, 0, 1, 5, 15 
2359, 8, 14, 0, 0, 1, 5, 15 
2360, 8, 14, 0, 0, 1, 5, 15 
2361, 8, 14, 0, 0, 1, 5, 15 
2362, 8, 14, 0, 0, 1, 5, 15 
2363, 8, 14, 0, 0, 1, 5, 15 
2364, 8, 14, 0, 0, 1, 5, 15 
2365, 8, 14, 0, 0, 1, 5, 15 
2366, 8, 14, 0, 0, 1, 5, 15 
2367, 8, 14, 0, 0, 1, 5, 15 
2368, 8, 14, 0, 0, 1, 5, 8 
2369, 8, 14, 0, 0, 1, 5, 15 
2370, 8, 14, 0, 0, 1, 5, 15 
2371, 8, 14, 0, 0, 1, 5, 10 
2372, 8, 14, 0, 0, 1, 5, 10 
2373, 8, 14, 0, 0, 1, 5, 8 
2374, 8, 14, 0, 0, 1, 5, 8 
2375, 8, 14, 0, 0, 1, 5, 8 
2376, 8, 14, 0, 0, 1, 5, 15 
2377, 8, 14, 0, 0, 1, 5, 15 
2378, 8, 14, 0, 0, 1, 5, 15 
2379, 8, 14, 0, 0, 1, 5, 8 
2380, 8, 14, 0, 0, 1, 5, 15 
2381, 8, 14, 0, 0, 1, 5, 15 
2382, 8, 14, 0, 0, 1, 5, 15 
2383, 8, 14, 0, 0, 1, 5, 10 
2384, 8, 14, 0, 0, 1, 5, 8 
2385, 8, 14, 0, 0, 1, 5, 8 
2386, 8, 14, 0, 0, 1, 5, 8 
2387, 8, 14, 0, 0, 1, 5, 15 
2388, 8, 14, 0, 0, 1, 5, 10 
2389, 8, 14, 0, 0, 1, 5, 8 
2390, 8, 14, 0, 0, 1, 5, 15 
2391, 8, 14, 0, 0, 1, 5, 8 
2392, 8, 14, 0, 0, 1, 5, 15 
2393, 8, 14, 0, 0, 1, 5, 8 
2394, 8, 14, 0, 0, 1, 5, 15 
2395, 8, 14, 0, 0, 1, 5, 15 
2396, 8, 14, 0, 0, 1, 5, 10 
2397, 8, 14, 0, 0, 1, 5, 15 
2398, 8, 14, 0, 0, 1, 5, 15 
2399, 8, 14, 0, 0, 1, 5, 15 
2400, 8, 14, 0, 0, 1, 5, 15 
2401, 8, 14, 0, 0, 1, 5, 8 
2402, 8, 14, 0, 0, 1, 5, 15 
2403, 8, 14, 0, 0, 1, 5, 15 
2404, 8, 14, 0, 0, 1, 5, 15 
2405, 8, 14, 0, 0, 1, 5, 15 
2406, 8, 14, 0, 0, 1, 5, 10 
2407, 8, 14, 0, 0, 1, 5, 15 
2408, 8, 14, 0, 0, 1, 5, 15 
2409, 8, 14, 0, 0, 1, 5, 15 
2410, 8, 14, 0, 0, 1, 5, 15 
2411, 8, 14, 0, 0, 1, 5, 15 
2412, 8, 14, 0, 0, 1, 5, 15 
2413, 8, 14, 0, 0, 1, 5, 15 
2414, 8, 14, 0, 0, 1, 5, 10 
2415, 8, 14, 0, 0, 1, 5, 10 
2416, 8, 14, 0, 0, 1, 5, 15 
2417, 8, 14, 0, 0, 1, 5, 8 
2418, 8, 14, 0, 0, 1, 5, 15 
2419, 8, 14, 0, 0, 1, 5, 8 
2420, 8, 14, 0, 0, 1, 5, 15 
2421, 8, 14, 0, 0, 1, 5, 8 
2422, 8, 14, 0, 0, 1, 5, 15 
2423, 8, 14, 0, 0, 1, 5, 10 
2424, 8, 14, 0, 0, 1, 5, 15 
2425, 8, 14, 0, 0, 1, 5, 15 
2426, 8, 14, 0, 0, 1, 5, 8 
2427, 8, 14, 0, 0, 1, 5, 15 
2428, 8, 14, 0, 0, 1, 5, 15 
2429, 8, 14, 0, 0, 1, 5, 15 
2430, 8, 14, 0, 0, 1, 5, 15 
2431, 8, 14, 0, 0, 1, 5, 10 
2432, 8, 14, 0, 0, 1, 5, 10 
2433, 8, 14, 0, 0, 1, 5, 15 
2434, 8, 14, 0, 0, 1, 5, 15 
2435, 8, 14, 0, 0, 1, 5, 15 
2436, 8, 14, 0, 0, 1, 5, 15 
2437, 8, 14, 0, 0, 1, 5, 10 
2438, 8, 14, 0, 0, 1, 5, 15 
2439, 8, 14, 0, 0, 1, 5, 15 
2440, 8, 14, 0, 0, 1, 5, 8 
2441, 8, 14, 0, 0, 1, 5, 15 
2442, 8, 14, 0, 0, 1, 5, 8 
2443, 8, 14, 0, 0, 1, 5, 15 
2444, 8, 14, 0, 0, 1, 5, 15 
2445, 8, 14, 0, 0, 1, 5, 8 
2446, 8, 14, 0, 0, 1, 5, 8 
2447, 8, 14, 0, 0, 1, 5, 8 
2448, 8, 14, 0, 0, 1, 5, 8 
2449, 8, 14, 0, 0, 1, 5, 15 
2450, 8, 14, 0, 0, 1, 5, 8 
2451, 8, 14, 0, 0, 1, 5, 15 
2452, 8, 14, 0, 0, 1, 5, 8 
2453, 8, 14, 0, 0, 1, 5, 10 
2454, 8, 14, 0, 0, 1, 5, 10 
2455, 8, 14, 0, 0, 1, 5, 8 
2456, 8, 14, 0, 0, 1, 5, 15 
2457, 8, 14, 0, 0, 1, 5, 10 
2458, 8, 14, 0, 0, 1, 5, 15 
2459, 8, 14, 0, 0, 1, 5, 15 
2460, 8, 14, 0, 0, 1, 5, 15 
2461, 8, 14, 0, 0, 1, 5, 15 
2462, 8, 14, 0, 0, 1, 5, 15 
2463, 8, 14, 0, 0, 1, 5, 15 
2464, 8, 14, 0, 0, 1, 5, 15 
2465, 8, 14, 0, 0, 1, 5, 15 
2466, 8, 14, 0, 0, 1, 5, 15 
2467, 8, 14, 0, 0, 1, 5, 8 
2468, 8, 14, 0, 0, 1, 5, 8 
2469, 8, 14, 0, 0, 1, 5, 15 
2470, 11, 5, 0, 0, 4, 2, 9 
2471, 11, 9, 0, 0, 4, 2, 4 
2472, 11, 9, 0, 0, 4, 2, 4 
2473, 11, 9, 0, 0, 4, 2, 4 
2474, 11, 9, 0, 0, 4, 2, 4 
2475, 11, 9, 0, 0, 4, 2, 4 
2476, 11, 9, 0, 0, 4, 2, 4 
2477, 11, 9, 0, 0, 4, 2, 4 
2478, 11, 9, 0, 0, 4, 2, 4 
2479, 11, 9, 0, 0, 4, 2, 4 
